benchmark_sequence,original_sequence,filename,scenario_kind,expected_valid_payloads,expected_false_payloads,actual_raw_detected_payloads,actual_accepted_payloads,actual_rejected_payloads,expected_position,actual_position,expected_items,actual_items,detection_result,domain_result,expected_domain_outcome,pipeline_error,scanner_processing_ms,detection_detail,domain_detail
1,81,081_item.jpg,item,ASI-HBTRQJ|4,,ASI-HBTRQJ|4,ASI-HBTRQJ|4,,,,ASI-HBTRQJ|4,ASI-HBTRQJ|4,DETECTION_EXACT_MATCH,DOMAIN_EXACT_MATCH,ITEM_APPLIED,,324,,
2,241,241_multi_mixed.jpg,multi_mixed,ASI-F5GZJD|72,X0001,ASI-F5GZJD|72|X0001,ASI-F5GZJD|72,,,,ASI-F5GZJD|72,ASI-F5GZJD|72,DETECTION_EXACT_MATCH,DOMAIN_EXACT_MATCH,MIXED_KEEP_VALID_REJECT_FALSE,,334,,
3,1,001_position.jpg,position,ASP-A01-B01-P01-L,,ASP-A01-B01-P01-L,ASP-A01-B01-P01-L,,ASP-A01-B01-P01-L,,,,DETECTION_EXACT_MATCH,DOMAIN_EXACT_MATCH,POSITION_APPLIED,,281,,
4,82,082_item.jpg,item,ASI-F5CBFP|10,,ASI-F5CBFP|10,ASI-F5CBFP|10,,,,ASI-F5CBFP|10,ASI-F5CBFP|10,DETECTION_EXACT_MATCH,DOMAIN_EXACT_MATCH,ITEM_APPLIED,,251,,
5,271,271_multi_false.jpg,multi_false,,POSX0031|FAKE0032,POSX0031|FAKE0032,,,,,,,DETECTION_EXACT_MATCH,CORRECT_REJECTION,CORRECT_REJECTION,,464,,
6,2,002_position.jpg,position,ASP-A01-B01-P01-R,,ASP-A01-B01-P01-R,ASP-A01-B01-P01-R,,ASP-A01-B01-P01-R,,,,DETECTION_EXACT_MATCH,DOMAIN_EXACT_MATCH,POSITION_APPLIED,,428,,
7,83,083_item.jpg,item,ASI-BN4Q6T|1,,ASI-BN4Q6T|1,ASI-BN4Q6T|1,,,,ASI-BN4Q6T|1,ASI-BN4Q6T|1,DETECTION_EXACT_MATCH,DOMAIN_EXACT_MATCH,ITEM_APPLIED,,244,,
8,84,084_item.jpg,item,ASI-L5XTKP|18,,ASI-L5XTKP|18,ASI-L5XTKP|18,,,,ASI-L5XTKP|18,ASI-L5XTKP|18,DETECTION_EXACT_MATCH,DOMAIN_EXACT_MATCH,ITEM_APPLIED,,366,,
9,211,211_multi_true.jpg,multi_true,ASP-A03-B04-P02-L|ASI-7SA7UL|3,,ASP-A03-B04-P02-L|ASI-7SA7UL|3,ASI-7SA7UL|3,,ASP-A03-B04-P02-L,,ASI-7SA7UL|3,ASI-7SA7UL|3,DETECTION_EXACT_MATCH,DOMAIN_EXACT_MATCH,ITEM_APPLIED,,339,,
10,3,003_position.jpg,position,ASP-A01-B01-P02-L,,ASP-A01-B01-P02-L,ASP-A01-B01-P02-L,,ASP-A01-B01-P02-L,,,,DETECTION_EXACT_MATCH,DOMAIN_EXACT_MATCH,POSITION_APPLIED,,206,,
11,85,085_item.jpg,item,ASI-GF2GYY|96,,ASI-GF2GYY|96,ASI-GF2GYY|96,,,,ASI-GF2GYY|96,ASI-GF2GYY|96,DETECTION_EXACT_MATCH,DOMAIN_EXACT_MATCH,ITEM_APPLIED,,449,,
12,242,242_multi_mixed.jpg,multi_mixed,ASP-A05-B01-P03-R,BAD0002,ASP-A05-B01-P03-R|BAD0002,,,ASP-A05-B01-P03-R,,,,DETECTION_EXACT_MATCH,FALSE_NEGATIVE,MIXED_KEEP_VALID_REJECT_FALSE,,395,,missing=1
13,86,086_item.jpg,item,ASI-SC7H2F|60,,ASI-SC7H2F|60,ASI-SC7H2F|60,,,,ASI-SC7H2F|60,ASI-SC7H2F|60,DETECTION_EXACT_MATCH,DOMAIN_EXACT_MATCH,ITEM_APPLIED,,389,,
14,4,004_position.jpg,position,ASP-A01-B01-P02-R,,ASP-A01-B01-P02-R,ASP-A01-B01-P02-R,,ASP-A01-B01-P02-R,,,,DETECTION_EXACT_MATCH,DOMAIN_EXACT_MATCH,POSITION_APPLIED,,249,,
15,87,087_item.jpg,item,ASI-UZNECQ|15,,ASI-UZNECQ|15,ASI-UZNECQ|15,,,,ASI-UZNECQ|15,ASI-UZNECQ|15,DETECTION_EXACT_MATCH,DOMAIN_EXACT_MATCH,ITEM_APPLIED,,283,,
16,272,272_multi_false.jpg,multi_false,,X0033|BAD0034,X0033|BAD0034,,,,,,,DETECTION_EXACT_MATCH,CORRECT_REJECTION,CORRECT_REJECTION,,360,,
17,5,005_position.jpg,position,ASP-A01-B01-P03-L,,ASP-A01-B01-P03-L,ASP-A01-B01-P03-L,,ASP-A01-B01-P03-L,,,,DETECTION_EXACT_MATCH,DOMAIN_EXACT_MATCH,POSITION_APPLIED,,310,,
18,88,088_item.jpg,item,ASI-FQG2T7|20,,ASI-FQG2T7|20,ASI-FQG2T7|20,,,,ASI-FQG2T7|20,ASI-FQG2T7|20,DETECTION_EXACT_MATCH,DOMAIN_EXACT_MATCH,ITEM_APPLIED,,308,,
19,212,212_multi_true.jpg,multi_true,ASP-A03-B04-P02-R|ASI-6YV5S7|15,,ASP-A03-B04-P02-R|ASI-6YV5S7|15,ASI-6YV5S7|15,,ASP-A03-B04-P02-R,,ASI-6YV5S7|15,ASI-6YV5S7|15,DETECTION_EXACT_MATCH,DOMAIN_EXACT_MATCH,ITEM_APPLIED,,312,,
20,89,089_item.jpg,item,ASI-LZYPTE|96,,ASI-LZYPTE|96,ASI-LZYPTE|96,,,,ASI-LZYPTE|96,ASI-LZYPTE|96,DETECTION_EXACT_MATCH,DOMAIN_EXACT_MATCH,ITEM_APPLIED,,269,,
21,6,006_position.jpg,position,ASP-A01-B01-P03-R,,ASP-A01-B01-P03-R,ASP-A01-B01-P03-R,,ASP-A01-B01-P03-R,,,,DETECTION_EXACT_MATCH,DOMAIN_EXACT_MATCH,POSITION_APPLIED,,325,,
22,90,090_item.jpg,item,ASI-LRL72T|60,,ASI-LRL72T|60,ASI-LRL72T|60,,,,ASI-LRL72T|60,ASI-LRL72T|60,DETECTION_EXACT_MATCH,DOMAIN_EXACT_MATCH,ITEM_APPLIED,,257,,
23,243,243_multi_mixed.jpg,multi_mixed,ASI-XH4Y5D|15,POSX0003,ASI-XH4Y5D|15|POSX0003,ASI-XH4Y5D|15,,,,ASI-XH4Y5D|15,ASI-XH4Y5D|15,DETECTION_EXACT_MATCH,DOMAIN_EXACT_MATCH,MIXED_KEEP_VALID_REJECT_FALSE,,349,,
24,7,007_position.jpg,position,ASP-A01-B02-P01-L,,ASP-A01-B02-P01-L,ASP-A01-B02-P01-L,,ASP-A01-B02-P01-L,,,,DETECTION_EXACT_MATCH,DOMAIN_EXACT_MATCH,POSITION_APPLIED,,283,,
25,91,091_item.jpg,item,ASI-QWDQCW|24,,ASI-QWDQCW|24,ASI-QWDQCW|24,,,,ASI-QWDQCW|24,ASI-QWDQCW|24,DETECTION_EXACT_MATCH,DOMAIN_EXACT_MATCH,ITEM_APPLIED,,392,,
26,273,273_multi_false.jpg,multi_false,,POSX0035|FAKE0036,POSX0035|FAKE0036,,,,,,,DETECTION_EXACT_MATCH,CORRECT_REJECTION,CORRECT_REJECTION,,318,,
27,92,092_item.jpg,item,ASI-TEPWP9|24,,ASI-TEPWP9|24,ASI-TEPWP9|24,,,,ASI-TEPWP9|24,ASI-TEPWP9|24,DETECTION_EXACT_MATCH,DOMAIN_EXACT_MATCH,ITEM_APPLIED,,241,,
28,8,008_position.jpg,position,ASP-A01-B02-P01-R,,ASP-A01-B02-P01-R,ASP-A01-B02-P01-R,,ASP-A01-B02-P01-R,,,,DETECTION_EXACT_MATCH,DOMAIN_EXACT_MATCH,POSITION_APPLIED,,308,,
29,93,093_item.jpg,item,ASI-7KSJRS|72,,ASI-7KSJRS|72,ASI-7KSJRS|72,,,,ASI-7KSJRS|72,ASI-7KSJRS|72,DETECTION_EXACT_MATCH,DOMAIN_EXACT_MATCH,ITEM_APPLIED,,406,,
30,213,213_multi_true.jpg,multi_true,ASP-A03-B04-P03-L|ASI-N28GR2|72,,ASP-A03-B04-P03-L|ASI-N28GR2|72,ASI-N28GR2|72,,ASP-A03-B04-P03-L,,ASI-N28GR2|72,ASI-N28GR2|72,DETECTION_EXACT_MATCH,DOMAIN_EXACT_MATCH,ITEM_APPLIED,,362,,
31,94,094_item.jpg,item,ASI-53ZQJ9|3,,ASI-53ZQJ9|3,ASI-53ZQJ9|3,,,,ASI-53ZQJ9|3,ASI-53ZQJ9|3,DETECTION_EXACT_MATCH,DOMAIN_EXACT_MATCH,ITEM_APPLIED,,245,,
32,244,244_multi_mixed.jpg,multi_mixed,ASP-A05-B02-P01-L,FAKE0004,ASP-A05-B02-P01-L|FAKE0004,,,ASP-A05-B02-P01-L,,,,DETECTION_EXACT_MATCH,FALSE_NEGATIVE,MIXED_KEEP_VALID_REJECT_FALSE,,335,,missing=1
33,9,009_position.jpg,position,ASP-A01-B02-P02-L,,ASP-A01-B02-P02-L,ASP-A01-B02-P02-L,,ASP-A01-B02-P02-L,,,,DETECTION_EXACT_MATCH,DOMAIN_EXACT_MATCH,POSITION_APPLIED,,325,,
34,95,095_item.jpg,item,ASI-DHKL5E|24,,ASI-DHKL5E|24,ASI-DHKL5E|24,,,,ASI-DHKL5E|24,ASI-DHKL5E|24,DETECTION_EXACT_MATCH,DOMAIN_EXACT_MATCH,ITEM_APPLIED,,250,,
35,274,274_multi_false.jpg,multi_false,,X0037|BAD0038,X0037|BAD0038,,,,,,,DETECTION_EXACT_MATCH,CORRECT_REJECTION,CORRECT_REJECTION,,446,,
36,10,010_position.jpg,position,ASP-A01-B02-P02-R,,ASP-A01-B02-P02-R,ASP-A01-B02-P02-R,,ASP-A01-B02-P02-R,,,,DETECTION_EXACT_MATCH,DOMAIN_EXACT_MATCH,POSITION_APPLIED,,328,,
37,96,096_item.jpg,item,ASI-27SAHT|18,,ASI-27SAHT|18,ASI-27SAHT|18,,,,ASI-27SAHT|18,ASI-27SAHT|18,DETECTION_EXACT_MATCH,DOMAIN_EXACT_MATCH,ITEM_APPLIED,,272,,
38,97,097_item.jpg,item,ASI-HU5L7A|12,,ASI-HU5L7A|12,ASI-HU5L7A|12,,,,ASI-HU5L7A|12,ASI-HU5L7A|12,DETECTION_EXACT_MATCH,DOMAIN_EXACT_MATCH,ITEM_APPLIED,,251,,
39,214,214_multi_true.jpg,multi_true,ASP-A03-B04-P03-R|ASI-YUUB3T|1,,ASP-A03-B04-P03-R|ASI-YUUB3T|1,ASI-YUUB3T|1,,ASP-A03-B04-P03-R,,ASI-YUUB3T|1,ASI-YUUB3T|1,DETECTION_EXACT_MATCH,DOMAIN_EXACT_MATCH,ITEM_APPLIED,,412,,
40,11,011_position.jpg,position,ASP-A01-B02-P03-L,,ASP-A01-B02-P03-L,ASP-A01-B02-P03-L,,ASP-A01-B02-P03-L,,,,DETECTION_EXACT_MATCH,DOMAIN_EXACT_MATCH,POSITION_APPLIED,,321,,
41,98,098_item.jpg,item,ASI-MGVNKZ|6,,ASI-MGVNKZ|6,ASI-MGVNKZ|6,,,,ASI-MGVNKZ|6,ASI-MGVNKZ|6,DETECTION_EXACT_MATCH,DOMAIN_EXACT_MATCH,ITEM_APPLIED,,268,,
42,245,245_multi_mixed.jpg,multi_mixed,ASI-VYGPK8|10,X0005,ASI-VYGPK8|10|X0005,ASI-VYGPK8|10,,,,ASI-VYGPK8|10,ASI-VYGPK8|10,DETECTION_EXACT_MATCH,DOMAIN_EXACT_MATCH,MIXED_KEEP_VALID_REJECT_FALSE,,389,,
43,99,099_item.jpg,item,ASI-AW9BHZ|15,,ASI-AW9BHZ|15,ASI-AW9BHZ|15,,,,ASI-AW9BHZ|15,ASI-AW9BHZ|15,DETECTION_EXACT_MATCH,DOMAIN_EXACT_MATCH,ITEM_APPLIED,,393,,
44,12,012_position.jpg,position,ASP-A01-B02-P03-R,,ASP-A01-B02-P03-R,ASP-A01-B02-P03-R,,ASP-A01-B02-P03-R,,,,DETECTION_EXACT_MATCH,DOMAIN_EXACT_MATCH,POSITION_APPLIED,,243,,
45,100,100_item.jpg,item,ASI-RDRFF9|3,,ASI-RDRFF9|3,ASI-RDRFF9|3,,,,ASI-RDRFF9|3,ASI-RDRFF9|3,DETECTION_EXACT_MATCH,DOMAIN_EXACT_MATCH,ITEM_APPLIED,,224,,
46,275,275_multi_false.jpg,multi_false,,POSX0039|FAKE0040,POSX0039|FAKE0040,,,,,,,DETECTION_EXACT_MATCH,CORRECT_REJECTION,CORRECT_REJECTION,,314,,
47,13,013_position.jpg,position,ASP-A01-B03-P01-L,,ASP-A01-B03-P01-L,ASP-A01-B03-P01-L,,ASP-A01-B03-P01-L,,,,DETECTION_EXACT_MATCH,DOMAIN_EXACT_MATCH,POSITION_APPLIED,,342,,
48,101,101_item.jpg,item,ASI-JJ8LS5|8,,ASI-JJ8LS5|8,ASI-JJ8LS5|8,,,,ASI-JJ8LS5|8,ASI-JJ8LS5|8,DETECTION_EXACT_MATCH,DOMAIN_EXACT_MATCH,ITEM_APPLIED,,246,,
49,215,215_multi_true.jpg,multi_true,ASP-A03-B05-P01-L|ASI-D9UQYQ|8,,ASP-A03-B05-P01-L|ASI-D9UQYQ|8,ASI-D9UQYQ|8,,ASP-A03-B05-P01-L,,ASI-D9UQYQ|8,ASI-D9UQYQ|8,DETECTION_EXACT_MATCH,DOMAIN_EXACT_MATCH,ITEM_APPLIED,,345,,
50,102,102_item.jpg,item,ASI-NV3Z66|4,,ASI-NV3Z66|4,ASI-NV3Z66|4,,,,ASI-NV3Z66|4,ASI-NV3Z66|4,DETECTION_EXACT_MATCH,DOMAIN_EXACT_MATCH,ITEM_APPLIED,,271,,
51,14,014_position.jpg,position,ASP-A01-B03-P01-R,,ASP-A01-B03-P01-R,ASP-A01-B03-P01-R,,ASP-A01-B03-P01-R,,,,DETECTION_EXACT_MATCH,DOMAIN_EXACT_MATCH,POSITION_APPLIED,,380,,
52,103,103_item.jpg,item,ASI-RQEXBQ|72,,ASI-RQEXBQ|72,ASI-RQEXBQ|72,,,,ASI-RQEXBQ|72,ASI-RQEXBQ|72,DETECTION_EXACT_MATCH,DOMAIN_EXACT_MATCH,ITEM_APPLIED,,239,,
53,246,246_multi_mixed.jpg,multi_mixed,ASP-A05-B02-P01-R,BAD0006,ASP-A05-B02-P01-R|BAD0006,,,ASP-A05-B02-P01-R,,,,DETECTION_EXACT_MATCH,FALSE_NEGATIVE,MIXED_KEEP_VALID_REJECT_FALSE,,316,,missing=1
54,15,015_position.jpg,position,ASP-A01-B03-P02-L,,ASP-A01-B03-P02-L,ASP-A01-B03-P02-L,,ASP-A01-B03-P02-L,,,,DETECTION_EXACT_MATCH,DOMAIN_EXACT_MATCH,POSITION_APPLIED,,255,,
55,104,104_item.jpg,item,ASI-QAEDQE|2,,ASI-QAEDQE|2,ASI-QAEDQE|2,,,,ASI-QAEDQE|2,ASI-QAEDQE|2,DETECTION_EXACT_MATCH,DOMAIN_EXACT_MATCH,ITEM_APPLIED,,366,,
56,276,276_multi_false.jpg,multi_false,,X0041|BAD0042,X0041|BAD0042,,,,,,,DETECTION_EXACT_MATCH,CORRECT_REJECTION,CORRECT_REJECTION,,347,,
57,105,105_item.jpg,item,ASI-XERT9P|60,,ASI-XERT9P|60,ASI-XERT9P|60,,,,ASI-XERT9P|60,ASI-XERT9P|60,DETECTION_EXACT_MATCH,DOMAIN_EXACT_MATCH,ITEM_APPLIED,,273,,
58,16,016_position.jpg,position,ASP-A01-B03-P02-R,,ASP-A01-B03-P02-R,ASP-A01-B03-P02-R,,ASP-A01-B03-P02-R,,,,DETECTION_EXACT_MATCH,DOMAIN_EXACT_MATCH,POSITION_APPLIED,,253,,
59,106,106_item.jpg,item,ASI-J8R84N|4,,ASI-J8R84N|4,ASI-J8R84N|4,,,,ASI-J8R84N|4,ASI-J8R84N|4,DETECTION_EXACT_MATCH,DOMAIN_EXACT_MATCH,ITEM_APPLIED,,416,,
60,216,216_multi_true.jpg,multi_true,ASP-A03-B05-P01-R|ASI-SJGCV6|2,,ASP-A03-B05-P01-R|ASI-SJGCV6|2,ASI-SJGCV6|2,,ASP-A03-B05-P01-R,,ASI-SJGCV6|2,ASI-SJGCV6|2,DETECTION_EXACT_MATCH,DOMAIN_EXACT_MATCH,ITEM_APPLIED,,316,,
61,107,107_item.jpg,item,ASI-G5Y547|2,,ASI-G5Y547|2,ASI-G5Y547|2,,,,ASI-G5Y547|2,ASI-G5Y547|2,DETECTION_EXACT_MATCH,DOMAIN_EXACT_MATCH,ITEM_APPLIED,,229,,
62,247,247_multi_mixed.jpg,multi_mixed,ASI-GYZHTQ|30,POSX0007,ASI-GYZHTQ|30|POSX0007,ASI-GYZHTQ|30,,,,ASI-GYZHTQ|30,ASI-GYZHTQ|30,DETECTION_EXACT_MATCH,DOMAIN_EXACT_MATCH,MIXED_KEEP_VALID_REJECT_FALSE,,309,,
63,17,017_position.jpg,position,ASP-A01-B03-P03-L,,ASP-A01-B03-P03-L,ASP-A01-B03-P03-L,,ASP-A01-B03-P03-L,,,,DETECTION_EXACT_MATCH,DOMAIN_EXACT_MATCH,POSITION_APPLIED,,351,,
64,108,108_item.jpg,item,ASI-GD3XGR|8,,ASI-GD3XGR|8,ASI-GD3XGR|8,,,,ASI-GD3XGR|8,ASI-GD3XGR|8,DETECTION_EXACT_MATCH,DOMAIN_EXACT_MATCH,ITEM_APPLIED,,289,,
65,277,277_multi_false.jpg,multi_false,,POSX0043|FAKE0044,FAKE0044|POSX0043,,,,,,,DETECTION_EXACT_MATCH,CORRECT_REJECTION,CORRECT_REJECTION,,366,,
66,18,018_position.jpg,position,ASP-A01-B03-P03-R,,ASP-A01-B03-P03-R,ASP-A01-B03-P03-R,,ASP-A01-B03-P03-R,,,,DETECTION_EXACT_MATCH,DOMAIN_EXACT_MATCH,POSITION_APPLIED,,243,,
67,109,109_item.jpg,item,ASI-N6J5MT|36,,ASI-N6J5MT|36,ASI-N6J5MT|36,,,,ASI-N6J5MT|36,ASI-N6J5MT|36,DETECTION_EXACT_MATCH,DOMAIN_EXACT_MATCH,ITEM_APPLIED,,327,,
68,110,110_item.jpg,item,ASI-RE6GDA|3,,ASI-RE6GDA|3,ASI-RE6GDA|3,,,,ASI-RE6GDA|3,ASI-RE6GDA|3,DETECTION_EXACT_MATCH,DOMAIN_EXACT_MATCH,ITEM_APPLIED,,282,,
69,217,217_multi_true.jpg,multi_true,ASP-A03-B05-P02-L|ASI-ZJFUW4|6,,ASP-A03-B05-P02-L|ASI-ZJFUW4|6,ASI-ZJFUW4|6,,ASP-A03-B05-P02-L,,ASI-ZJFUW4|6,ASI-ZJFUW4|6,DETECTION_EXACT_MATCH,DOMAIN_EXACT_MATCH,ITEM_APPLIED,,336,,
70,19,019_position.jpg,position,ASP-A01-B04-P01-L,,ASP-A01-B04-P01-L,ASP-A01-B04-P01-L,,ASP-A01-B04-P01-L,,,,DETECTION_EXACT_MATCH,DOMAIN_EXACT_MATCH,POSITION_APPLIED,,253,,
71,111,111_item.jpg,item,ASI-RL498P|24,,ASI-RL498P|24,ASI-RL498P|24,,,,ASI-RL498P|24,ASI-RL498P|24,DETECTION_EXACT_MATCH,DOMAIN_EXACT_MATCH,ITEM_APPLIED,,424,,
72,248,248_multi_mixed.jpg,multi_mixed,ASP-A05-B02-P02-L,FAKE0008,ASP-A05-B02-P02-L|FAKE0008,,,ASP-A05-B02-P02-L,,,,DETECTION_EXACT_MATCH,FALSE_NEGATIVE,MIXED_KEEP_VALID_REJECT_FALSE,,330,,missing=1
73,112,112_item.jpg,item,ASI-DL2A2S|36,,ASI-DL2A2S|36,ASI-DL2A2S|36,,,,ASI-DL2A2S|36,ASI-DL2A2S|36,DETECTION_EXACT_MATCH,DOMAIN_EXACT_MATCH,ITEM_APPLIED,,284,,
74,20,020_position.jpg,position,ASP-A01-B04-P01-R,,ASP-A01-B04-P01-R,ASP-A01-B04-P01-R,,ASP-A01-B04-P01-R,,,,DETECTION_EXACT_MATCH,DOMAIN_EXACT_MATCH,POSITION_APPLIED,,234,,
75,113,113_item.jpg,item,ASI-U59KNU|8,,ASI-U59KNU|8,ASI-U59KNU|8,,,,ASI-U59KNU|8,ASI-U59KNU|8,DETECTION_EXACT_MATCH,DOMAIN_EXACT_MATCH,ITEM_APPLIED,,435,,
76,278,278_multi_false.jpg,multi_false,,X0045|BAD0046,X0045|BAD0046,,,,,,,DETECTION_EXACT_MATCH,CORRECT_REJECTION,CORRECT_REJECTION,,327,,
77,21,021_position.jpg,position,ASP-A01-B04-P02-L,,ASP-A01-B04-P02-L,ASP-A01-B04-P02-L,,ASP-A01-B04-P02-L,,,,DETECTION_EXACT_MATCH,DOMAIN_EXACT_MATCH,POSITION_APPLIED,,382,,
78,114,114_item.jpg,item,ASI-DDWDD8|48,,ASI-DDWDD8|48,ASI-DDWDD8|48,,,,ASI-DDWDD8|48,ASI-DDWDD8|48,DETECTION_EXACT_MATCH,DOMAIN_EXACT_MATCH,ITEM_APPLIED,,264,,
79,218,218_multi_true.jpg,multi_true,ASP-A03-B05-P02-R|ASI-NJZTLS|40,,ASP-A03-B05-P02-R|ASI-NJZTLS|40,ASI-NJZTLS|40,,ASP-A03-B05-P02-R,,ASI-NJZTLS|40,ASI-NJZTLS|40,DETECTION_EXACT_MATCH,DOMAIN_EXACT_MATCH,ITEM_APPLIED,,391,,
80,115,115_item.jpg,item,ASI-LDFMEE|10,,ASI-LDFMEE|10,ASI-LDFMEE|10,,,,ASI-LDFMEE|10,ASI-LDFMEE|10,DETECTION_EXACT_MATCH,DOMAIN_EXACT_MATCH,ITEM_APPLIED,,243,,
81,22,022_position.jpg,position,ASP-A01-B04-P02-R,,ASP-A01-B04-P02-R,ASP-A01-B04-P02-R,,ASP-A01-B04-P02-R,,,,DETECTION_EXACT_MATCH,DOMAIN_EXACT_MATCH,POSITION_APPLIED,,313,,
82,116,116_item.jpg,item,ASI-3HRCF4|72,,ASI-3HRCF4|72,ASI-3HRCF4|72,,,,ASI-3HRCF4|72,ASI-3HRCF4|72,DETECTION_EXACT_MATCH,DOMAIN_EXACT_MATCH,ITEM_APPLIED,,234,,
83,249,249_multi_mixed.jpg,multi_mixed,ASI-BTBMTV|18,X0009,ASI-BTBMTV|18|X0009,ASI-BTBMTV|18,,,,ASI-BTBMTV|18,ASI-BTBMTV|18,DETECTION_EXACT_MATCH,DOMAIN_EXACT_MATCH,MIXED_KEEP_VALID_REJECT_FALSE,,347,,
84,23,023_position.jpg,position,ASP-A01-B04-P03-L,,ASP-A01-B04-P03-L,ASP-A01-B04-P03-L,,ASP-A01-B04-P03-L,,,,DETECTION_EXACT_MATCH,DOMAIN_EXACT_MATCH,POSITION_APPLIED,,261,,
85,117,117_item.jpg,item,ASI-WSPWRS|24,,ASI-WSPWRS|24,ASI-WSPWRS|24,,,,ASI-WSPWRS|24,ASI-WSPWRS|24,DETECTION_EXACT_MATCH,DOMAIN_EXACT_MATCH,ITEM_APPLIED,,375,,
86,279,279_multi_false.jpg,multi_false,,POSX0047|FAKE0048,POSX0047|FAKE0048,,,,,,,DETECTION_EXACT_MATCH,CORRECT_REJECTION,CORRECT_REJECTION,,338,,
87,118,118_item.jpg,item,ASI-JV7WEA|36,,ASI-JV7WEA|36,ASI-JV7WEA|36,,,,ASI-JV7WEA|36,ASI-JV7WEA|36,DETECTION_EXACT_MATCH,DOMAIN_EXACT_MATCH,ITEM_APPLIED,,232,,
88,24,024_position.jpg,position,ASP-A01-B04-P03-R,,ASP-A01-B04-P03-R,ASP-A01-B04-P03-R,,ASP-A01-B04-P03-R,,,,DETECTION_EXACT_MATCH,DOMAIN_EXACT_MATCH,POSITION_APPLIED,,315,,
89,119,119_item.jpg,item,ASI-GEPSJY|3,,ASI-GEPSJY|3,ASI-GEPSJY|3,,,,ASI-GEPSJY|3,ASI-GEPSJY|3,DETECTION_EXACT_MATCH,DOMAIN_EXACT_MATCH,ITEM_APPLIED,,432,,
90,219,219_multi_true.jpg,multi_true,ASP-A03-B05-P03-L|ASI-UXH7EK|10,,ASP-A03-B05-P03-L|ASI-UXH7EK|10,ASI-UXH7EK|10,,ASP-A03-B05-P03-L,,ASI-UXH7EK|10,ASI-UXH7EK|10,DETECTION_EXACT_MATCH,DOMAIN_EXACT_MATCH,ITEM_APPLIED,,387,,
91,120,120_item.jpg,item,ASI-RZUL6V|96,,ASI-RZUL6V|96,ASI-RZUL6V|96,,,,ASI-RZUL6V|96,ASI-RZUL6V|96,DETECTION_EXACT_MATCH,DOMAIN_EXACT_MATCH,ITEM_APPLIED,,446,,
92,250,250_multi_mixed.jpg,multi_mixed,ASP-A05-B02-P02-R,BAD0010,ASP-A05-B02-P02-R|BAD0010,,,ASP-A05-B02-P02-R,,,,DETECTION_EXACT_MATCH,FALSE_NEGATIVE,MIXED_KEEP_VALID_REJECT_FALSE,,347,,missing=1
93,25,025_position.jpg,position,ASP-A01-B05-P01-L,,ASP-A01-B05-P01-L,ASP-A01-B05-P01-L,,ASP-A01-B05-P01-L,,,,DETECTION_EXACT_MATCH,DOMAIN_EXACT_MATCH,POSITION_APPLIED,,279,,
94,121,121_item.jpg,item,ASI-AVGJSH|4,,ASI-AVGJSH|4,ASI-AVGJSH|4,,,,ASI-AVGJSH|4,ASI-AVGJSH|4,DETECTION_EXACT_MATCH,DOMAIN_EXACT_MATCH,ITEM_APPLIED,,240,,
95,280,280_multi_false.jpg,multi_false,,X0049|BAD0050,BAD0050|X0049,,,,,,,DETECTION_EXACT_MATCH,CORRECT_REJECTION,CORRECT_REJECTION,,389,,
96,26,026_position.jpg,position,ASP-A01-B05-P01-R,,ASP-A01-B05-P01-R,ASP-A01-B05-P01-R,,ASP-A01-B05-P01-R,,,,DETECTION_EXACT_MATCH,DOMAIN_EXACT_MATCH,POSITION_APPLIED,,270,,
97,122,122_item.jpg,item,ASI-KTUPXP|12,,ASI-KTUPXP|12,ASI-KTUPXP|12,,,,ASI-KTUPXP|12,ASI-KTUPXP|12,DETECTION_EXACT_MATCH,DOMAIN_EXACT_MATCH,ITEM_APPLIED,,221,,
98,123,123_item.jpg,item,ASI-9SDF5T|2,,ASI-9SDF5T|2,ASI-9SDF5T|2,,,,ASI-9SDF5T|2,ASI-9SDF5T|2,DETECTION_EXACT_MATCH,DOMAIN_EXACT_MATCH,ITEM_APPLIED,,341,,
99,220,220_multi_true.jpg,multi_true,ASP-A03-B05-P03-R|ASI-3ZF3AS|60,,ASP-A03-B05-P03-R|ASI-3ZF3AS|60,ASI-3ZF3AS|60,,ASP-A03-B05-P03-R,,ASI-3ZF3AS|60,ASI-3ZF3AS|60,DETECTION_EXACT_MATCH,DOMAIN_EXACT_MATCH,ITEM_APPLIED,,424,,
100,27,027_position.jpg,position,ASP-A01-B05-P02-L,,ASP-A01-B05-P02-L,ASP-A01-B05-P02-L,,ASP-A01-B05-P02-L,,,,DETECTION_EXACT_MATCH,DOMAIN_EXACT_MATCH,POSITION_APPLIED,,265,,
101,124,124_item.jpg,item,ASI-AXJSL6|60,,ASI-AXJSL6|60,ASI-AXJSL6|60,,,,ASI-AXJSL6|60,ASI-AXJSL6|60,DETECTION_EXACT_MATCH,DOMAIN_EXACT_MATCH,ITEM_APPLIED,,412,,
102,251,251_multi_mixed.jpg,multi_mixed,ASI-YAMK3E|5,POSX0011,ASI-YAMK3E|5|POSX0011,ASI-YAMK3E|5,,,,ASI-YAMK3E|5,ASI-YAMK3E|5,DETECTION_EXACT_MATCH,DOMAIN_EXACT_MATCH,MIXED_KEEP_VALID_REJECT_FALSE,,310,,
103,125,125_item.jpg,item,ASI-5AHEKC|20,,ASI-5AHEKC|20,ASI-5AHEKC|20,,,,ASI-5AHEKC|20,ASI-5AHEKC|20,DETECTION_EXACT_MATCH,DOMAIN_EXACT_MATCH,ITEM_APPLIED,,281,,
104,28,028_position.jpg,position,ASP-A01-B05-P02-R,,ASP-A01-B05-P02-R,ASP-A01-B05-P02-R,,ASP-A01-B05-P02-R,,,,DETECTION_EXACT_MATCH,DOMAIN_EXACT_MATCH,POSITION_APPLIED,,453,,
105,126,126_item.jpg,item,ASI-K5JCVZ|2,,ASI-K5JCVZ|2,ASI-K5JCVZ|2,,,,ASI-K5JCVZ|2,ASI-K5JCVZ|2,DETECTION_EXACT_MATCH,DOMAIN_EXACT_MATCH,ITEM_APPLIED,,260,,
106,281,281_multi_false.jpg,multi_false,,POSX0051|FAKE0052,POSX0051|FAKE0052,,,,,,,DETECTION_EXACT_MATCH,CORRECT_REJECTION,CORRECT_REJECTION,,343,,
107,29,029_position.jpg,position,ASP-A01-B05-P03-L,,ASP-A01-B05-P03-L,ASP-A01-B05-P03-L,,ASP-A01-B05-P03-L,,,,DETECTION_EXACT_MATCH,DOMAIN_EXACT_MATCH,POSITION_APPLIED,,360,,
108,127,127_item.jpg,item,ASI-YPRGY4|96,,ASI-YPRGY4|96,ASI-YPRGY4|96,,,,ASI-YPRGY4|96,ASI-YPRGY4|96,DETECTION_EXACT_MATCH,DOMAIN_EXACT_MATCH,ITEM_APPLIED,,331,,
109,221,221_multi_true.jpg,multi_true,ASP-A04-B01-P01-L|ASI-H7ZS2Z|4,,ASP-A04-B01-P01-L|ASI-H7ZS2Z|4,ASI-H7ZS2Z|4,,ASP-A04-B01-P01-L,,ASI-H7ZS2Z|4,ASI-H7ZS2Z|4,DETECTION_EXACT_MATCH,DOMAIN_EXACT_MATCH,ITEM_APPLIED,,285,,
110,128,128_item.jpg,item,ASI-KRLM4B|6,,ASI-KRLM4B|6,ASI-KRLM4B|6,,,,ASI-KRLM4B|6,ASI-KRLM4B|6,DETECTION_EXACT_MATCH,DOMAIN_EXACT_MATCH,ITEM_APPLIED,,287,,
111,30,030_position.jpg,position,ASP-A01-B05-P03-R,,ASP-A01-B05-P03-R,ASP-A01-B05-P03-R,,ASP-A01-B05-P03-R,,,,DETECTION_EXACT_MATCH,DOMAIN_EXACT_MATCH,POSITION_APPLIED,,278,,
112,129,129_item.jpg,item,ASI-X4RTLG|24,,ASI-X4RTLG|24,ASI-X4RTLG|24,,,,ASI-X4RTLG|24,ASI-X4RTLG|24,DETECTION_EXACT_MATCH,DOMAIN_EXACT_MATCH,ITEM_APPLIED,,427,,
113,252,252_multi_mixed.jpg,multi_mixed,ASP-A05-B02-P03-L,FAKE0012,ASP-A05-B02-P03-L|FAKE0012,,,ASP-A05-B02-P03-L,,,,DETECTION_EXACT_MATCH,FALSE_NEGATIVE,MIXED_KEEP_VALID_REJECT_FALSE,,377,,missing=1
114,31,031_position.jpg,position,ASP-A02-B01-P01-L,,ASP-A02-B01-P01-L,ASP-A02-B01-P01-L,,ASP-A02-B01-P01-L,,,,DETECTION_EXACT_MATCH,DOMAIN_EXACT_MATCH,POSITION_APPLIED,,278,,
115,130,130_item.jpg,item,ASI-C8QN7Y|15,,ASI-C8QN7Y|15,ASI-C8QN7Y|15,,,,ASI-C8QN7Y|15,ASI-C8QN7Y|15,DETECTION_EXACT_MATCH,DOMAIN_EXACT_MATCH,ITEM_APPLIED,,377,,
116,282,282_multi_false.jpg,multi_false,,X0053|BAD0054,X0053|BAD0054,,,,,,,DETECTION_EXACT_MATCH,CORRECT_REJECTION,CORRECT_REJECTION,,356,,
117,131,131_item.jpg,item,ASI-QQBN3X|12,,ASI-QQBN3X|12,ASI-QQBN3X|12,,,,ASI-QQBN3X|12,ASI-QQBN3X|12,DETECTION_EXACT_MATCH,DOMAIN_EXACT_MATCH,ITEM_APPLIED,,445,,
118,32,032_position.jpg,position,ASP-A02-B01-P01-R,,ASP-A02-B01-P01-R,ASP-A02-B01-P01-R,,ASP-A02-B01-P01-R,,,,DETECTION_EXACT_MATCH,DOMAIN_EXACT_MATCH,POSITION_APPLIED,,251,,
119,132,132_item.jpg,item,ASI-ETY3XB|4,,ASI-ETY3XB|4,ASI-ETY3XB|4,,,,ASI-ETY3XB|4,ASI-ETY3XB|4,DETECTION_EXACT_MATCH,DOMAIN_EXACT_MATCH,ITEM_APPLIED,,320,,
120,222,222_multi_true.jpg,multi_true,ASP-A04-B01-P01-R|ASI-Q8BWQE|36,,ASP-A04-B01-P01-R|ASI-Q8BWQE|36,ASI-Q8BWQE|36,,ASP-A04-B01-P01-R,,ASI-Q8BWQE|36,ASI-Q8BWQE|36,DETECTION_EXACT_MATCH,DOMAIN_EXACT_MATCH,ITEM_APPLIED,,646,,
121,133,133_item.jpg,item,ASI-SMSCG5|20,,ASI-SMSCG5|20,ASI-SMSCG5|20,,,,ASI-SMSCG5|20,ASI-SMSCG5|20,DETECTION_EXACT_MATCH,DOMAIN_EXACT_MATCH,ITEM_APPLIED,,253,,
122,253,253_multi_mixed.jpg,multi_mixed,ASI-BFP247|18,X0013,ASI-BFP247|18|X0013,ASI-BFP247|18,,,,ASI-BFP247|18,ASI-BFP247|18,DETECTION_EXACT_MATCH,DOMAIN_EXACT_MATCH,MIXED_KEEP_VALID_REJECT_FALSE,,347,,
123,33,033_position.jpg,position,ASP-A02-B01-P02-L,,ASP-A02-B01-P02-L,ASP-A02-B01-P02-L,,ASP-A02-B01-P02-L,,,,DETECTION_EXACT_MATCH,DOMAIN_EXACT_MATCH,POSITION_APPLIED,,285,,
124,134,134_item.jpg,item,ASI-W5H2NS|2,,ASI-W5H2NS|2,ASI-W5H2NS|2,,,,ASI-W5H2NS|2,ASI-W5H2NS|2,DETECTION_EXACT_MATCH,DOMAIN_EXACT_MATCH,ITEM_APPLIED,,263,,
125,283,283_multi_false.jpg,multi_false,,POSX0055|FAKE0056,POSX0055|FAKE0056,,,,,,,DETECTION_EXACT_MATCH,CORRECT_REJECTION,CORRECT_REJECTION,,595,,
126,34,034_position.jpg,position,ASP-A02-B01-P02-R,,ASP-A02-B01-P02-R,ASP-A02-B01-P02-R,,ASP-A02-B01-P02-R,,,,DETECTION_EXACT_MATCH,DOMAIN_EXACT_MATCH,POSITION_APPLIED,,375,,
127,135,135_item.jpg,item,ASI-5ANZ5E|18,,ASI-5ANZ5E|18,ASI-5ANZ5E|18,,,,ASI-5ANZ5E|18,ASI-5ANZ5E|18,DETECTION_EXACT_MATCH,DOMAIN_EXACT_MATCH,ITEM_APPLIED,,242,,
128,136,136_item.jpg,item,ASI-WHVV4W|24,,ASI-WHVV4W|24,ASI-WHVV4W|24,,,,ASI-WHVV4W|24,ASI-WHVV4W|24,DETECTION_EXACT_MATCH,DOMAIN_EXACT_MATCH,ITEM_APPLIED,,235,,
129,223,223_multi_true.jpg,multi_true,ASP-A04-B01-P02-L|ASI-V4HJCC|15,,ASP-A04-B01-P02-L|ASI-V4HJCC|15,ASI-V4HJCC|15,,ASP-A04-B01-P02-L,,ASI-V4HJCC|15,ASI-V4HJCC|15,DETECTION_EXACT_MATCH,DOMAIN_EXACT_MATCH,ITEM_APPLIED,,417,,
130,35,035_position.jpg,position,ASP-A02-B01-P03-L,,ASP-A02-B01-P03-L,ASP-A02-B01-P03-L,,ASP-A02-B01-P03-L,,,,DETECTION_EXACT_MATCH,DOMAIN_EXACT_MATCH,POSITION_APPLIED,,272,,
131,137,137_item.jpg,item,ASI-UJN42M|96,,ASI-UJN42M|96,ASI-UJN42M|96,,,,ASI-UJN42M|96,ASI-UJN42M|96,DETECTION_EXACT_MATCH,DOMAIN_EXACT_MATCH,ITEM_APPLIED,,264,,
132,254,254_multi_mixed.jpg,multi_mixed,ASP-A05-B02-P03-R,BAD0014,ASP-A05-B02-P03-R|BAD0014,,,ASP-A05-B02-P03-R,,,,DETECTION_EXACT_MATCH,FALSE_NEGATIVE,MIXED_KEEP_VALID_REJECT_FALSE,,323,,missing=1
133,138,138_item.jpg,item,ASI-V3AVUP|30,,ASI-V3AVUP|30,ASI-V3AVUP|30,,,,ASI-V3AVUP|30,ASI-V3AVUP|30,DETECTION_EXACT_MATCH,DOMAIN_EXACT_MATCH,ITEM_APPLIED,,377,,
134,36,036_position.jpg,position,ASP-A02-B01-P03-R,,ASP-A02-B01-P03-R,ASP-A02-B01-P03-R,,ASP-A02-B01-P03-R,,,,DETECTION_EXACT_MATCH,DOMAIN_EXACT_MATCH,POSITION_APPLIED,,308,,
135,139,139_item.jpg,item,ASI-W766P8|6,,ASI-W766P8|6,ASI-W766P8|6,,,,ASI-W766P8|6,ASI-W766P8|6,DETECTION_EXACT_MATCH,DOMAIN_EXACT_MATCH,ITEM_APPLIED,,376,,
136,284,284_multi_false.jpg,multi_false,,X0057|BAD0058,X0057|BAD0058,,,,,,,DETECTION_EXACT_MATCH,CORRECT_REJECTION,CORRECT_REJECTION,,349,,
137,37,037_position.jpg,position,ASP-A02-B02-P01-L,,ASP-A02-B02-P01-L,ASP-A02-B02-P01-L,,ASP-A02-B02-P01-L,,,,DETECTION_EXACT_MATCH,DOMAIN_EXACT_MATCH,POSITION_APPLIED,,253,,
138,140,140_item.jpg,item,ASI-FUXFRV|10,,ASI-FUXFRV|10,ASI-FUXFRV|10,,,,ASI-FUXFRV|10,ASI-FUXFRV|10,DETECTION_EXACT_MATCH,DOMAIN_EXACT_MATCH,ITEM_APPLIED,,409,,
139,224,224_multi_true.jpg,multi_true,ASP-A04-B01-P02-R|ASI-9HGRJ2|36,,ASP-A04-B01-P02-R|ASI-9HGRJ2|36,ASI-9HGRJ2|36,,ASP-A04-B01-P02-R,,ASI-9HGRJ2|36,ASI-9HGRJ2|36,DETECTION_EXACT_MATCH,DOMAIN_EXACT_MATCH,ITEM_APPLIED,,347,,
140,141,141_item.jpg,item,ASI-NKBCR8|96,,ASI-NKBCR8|96,ASI-NKBCR8|96,,,,ASI-NKBCR8|96,ASI-NKBCR8|96,DETECTION_EXACT_MATCH,DOMAIN_EXACT_MATCH,ITEM_APPLIED,,216,,
141,38,038_position.jpg,position,ASP-A02-B02-P01-R,,ASP-A02-B02-P01-R,ASP-A02-B02-P01-R,,ASP-A02-B02-P01-R,,,,DETECTION_EXACT_MATCH,DOMAIN_EXACT_MATCH,POSITION_APPLIED,,263,,
142,142,142_item.jpg,item,ASI-E74N29|24,,ASI-E74N29|24,ASI-E74N29|24,,,,ASI-E74N29|24,ASI-E74N29|24,DETECTION_EXACT_MATCH,DOMAIN_EXACT_MATCH,ITEM_APPLIED,,241,,
143,255,255_multi_mixed.jpg,multi_mixed,ASI-LZVWFD|5,POSX0015,ASI-LZVWFD|5|POSX0015,ASI-LZVWFD|5,,,,ASI-LZVWFD|5,ASI-LZVWFD|5,DETECTION_EXACT_MATCH,DOMAIN_EXACT_MATCH,MIXED_KEEP_VALID_REJECT_FALSE,,463,,
144,39,039_position.jpg,position,ASP-A02-B02-P02-L,,ASP-A02-B02-P02-L,ASP-A02-B02-P02-L,,ASP-A02-B02-P02-L,,,,DETECTION_EXACT_MATCH,DOMAIN_EXACT_MATCH,POSITION_APPLIED,,249,,
145,143,143_item.jpg,item,ASI-RKAG5Q|6,,ASI-RKAG5Q|6,ASI-RKAG5Q|6,,,,ASI-RKAG5Q|6,ASI-RKAG5Q|6,DETECTION_EXACT_MATCH,DOMAIN_EXACT_MATCH,ITEM_APPLIED,,264,,
146,285,285_multi_false.jpg,multi_false,,POSX0059|FAKE0060,FAKE0060|POSX0059,,,,,,,DETECTION_EXACT_MATCH,CORRECT_REJECTION,CORRECT_REJECTION,,525,,
147,144,144_item.jpg,item,ASI-7DRH7J|36,,ASI-7DRH7J|36,ASI-7DRH7J|36,,,,ASI-7DRH7J|36,ASI-7DRH7J|36,DETECTION_EXACT_MATCH,DOMAIN_EXACT_MATCH,ITEM_APPLIED,,295,,
148,40,040_position.jpg,position,ASP-A02-B02-P02-R,,ASP-A02-B02-P02-R,ASP-A02-B02-P02-R,,ASP-A02-B02-P02-R,,,,DETECTION_EXACT_MATCH,DOMAIN_EXACT_MATCH,POSITION_APPLIED,,288,,
149,145,145_item.jpg,item,ASI-W656L8|36,,ASI-W656L8|36,ASI-W656L8|36,,,,ASI-W656L8|36,ASI-W656L8|36,DETECTION_EXACT_MATCH,DOMAIN_EXACT_MATCH,ITEM_APPLIED,,281,,
150,225,225_multi_true.jpg,multi_true,ASP-A04-B01-P03-L|ASI-Z4K4G9|96,,ASP-A04-B01-P03-L|ASI-Z4K4G9|96,ASI-Z4K4G9|96,,ASP-A04-B01-P03-L,,ASI-Z4K4G9|96,ASI-Z4K4G9|96,DETECTION_EXACT_MATCH,DOMAIN_EXACT_MATCH,ITEM_APPLIED,,341,,
151,146,146_item.jpg,item,ASI-SRT9RT|36,,ASI-SRT9RT|36,ASI-SRT9RT|36,,,,ASI-SRT9RT|36,ASI-SRT9RT|36,DETECTION_EXACT_MATCH,DOMAIN_EXACT_MATCH,ITEM_APPLIED,,571,,
152,256,256_multi_mixed.jpg,multi_mixed,ASP-A05-B03-P01-L|ASI-LDFT65|40,FAKE0016,FAKE0016|ASP-A05-B03-P01-L|ASI-LDFT65|40,ASI-LDFT65|40,,ASP-A05-B03-P01-L,,ASI-LDFT65|40,ASI-LDFT65|40,DETECTION_EXACT_MATCH,AMBIGUOUS_INCORRECT,AMBIGUOUS,,577,,status=RESOLVED;error=null
153,41,041_position.jpg,position,ASP-A02-B02-P03-L,,ASP-A02-B02-P03-L,ASP-A02-B02-P03-L,,ASP-A02-B02-P03-L,,,,DETECTION_EXACT_MATCH,DOMAIN_EXACT_MATCH,POSITION_APPLIED,,282,,
154,147,147_item.jpg,item,ASI-EURTXW|60,,ASI-EURTXW|60,ASI-EURTXW|60,,,,ASI-EURTXW|60,ASI-EURTXW|60,DETECTION_EXACT_MATCH,DOMAIN_EXACT_MATCH,ITEM_APPLIED,,289,,
155,286,286_multi_false.jpg,multi_false,,X0061|BAD0062|POSX0063,POSX0063|BAD0062|X0061,,,,,,,DETECTION_EXACT_MATCH,CORRECT_REJECTION,CORRECT_REJECTION,,703,,
156,42,042_position.jpg,position,ASP-A02-B02-P03-R,,ASP-A02-B02-P03-R,ASP-A02-B02-P03-R,,ASP-A02-B02-P03-R,,,,DETECTION_EXACT_MATCH,DOMAIN_EXACT_MATCH,POSITION_APPLIED,,276,,
157,148,148_item.jpg,item,ASI-FJKQ2K|8,,ASI-FJKQ2K|8,ASI-FJKQ2K|8,,,,ASI-FJKQ2K|8,ASI-FJKQ2K|8,DETECTION_EXACT_MATCH,DOMAIN_EXACT_MATCH,ITEM_APPLIED,,248,,
158,149,149_item.jpg,item,ASI-E44X74|2,,ASI-E44X74|2,ASI-E44X74|2,,,,ASI-E44X74|2,ASI-E44X74|2,DETECTION_EXACT_MATCH,DOMAIN_EXACT_MATCH,ITEM_APPLIED,,431,,
159,226,226_multi_true.jpg,multi_true,ASP-A04-B01-P03-R|ASI-4TCZP6|36|ASP-A04-B02-P01-L,,ASP-A04-B02-P01-L|ASP-A04-B01-P03-R|ASI-4TCZP6|36,ASI-4TCZP6|36,,ASP-A04-B01-P03-R,,ASI-4TCZP6|36,ASI-4TCZP6|36,DETECTION_EXACT_MATCH,AMBIGUOUS_INCORRECT,AMBIGUOUS,,432,,status=RESOLVED;error=null
160,43,043_position.jpg,position,ASP-A02-B03-P01-L,,ASP-A02-B03-P01-L,ASP-A02-B03-P01-L,,ASP-A02-B03-P01-L,,,,DETECTION_EXACT_MATCH,DOMAIN_EXACT_MATCH,POSITION_APPLIED,,320,,
161,150,150_item.jpg,item,ASI-P42B28|1,,ASI-P42B28|1,ASI-P42B28|1,,,,ASI-P42B28|1,ASI-P42B28|1,DETECTION_EXACT_MATCH,DOMAIN_EXACT_MATCH,ITEM_APPLIED,,240,,
162,257,257_multi_mixed.jpg,multi_mixed,ASI-64TPHY|30|ASI-HU9VCQ|24,X0017,X0017|ASI-64TPHY|30|ASI-HU9VCQ|24,ASI-64TPHY|30,,,,ASI-64TPHY|30;ASI-HU9VCQ|24,ASI-64TPHY|30,DETECTION_EXACT_MATCH,AMBIGUOUS_INCORRECT,AMBIGUOUS,,451,,status=RESOLVED;error=null
163,151,151_item.jpg,item,ASI-YV24Q9|10,,ASI-YV24Q9|10,ASI-YV24Q9|10,,,,ASI-YV24Q9|10,ASI-YV24Q9|10,DETECTION_EXACT_MATCH,DOMAIN_EXACT_MATCH,ITEM_APPLIED,,312,,
164,44,044_position.jpg,position,ASP-A02-B03-P01-R,,ASP-A02-B03-P01-R,ASP-A02-B03-P01-R,,ASP-A02-B03-P01-R,,,,DETECTION_EXACT_MATCH,DOMAIN_EXACT_MATCH,POSITION_APPLIED,,317,,
165,152,152_item.jpg,item,ASI-T59B2X|24,,ASI-T59B2X|24,ASI-T59B2X|24,,,,ASI-T59B2X|24,ASI-T59B2X|24,DETECTION_EXACT_MATCH,DOMAIN_EXACT_MATCH,ITEM_APPLIED,,241,,
166,287,287_multi_false.jpg,multi_false,,FAKE0064|X0065|BAD0066,BAD0066|FAKE0064|X0065,,,,,,,DETECTION_EXACT_MATCH,CORRECT_REJECTION,CORRECT_REJECTION,,554,,
167,45,045_position.jpg,position,ASP-A02-B03-P02-L,,ASP-A02-B03-P02-L,ASP-A02-B03-P02-L,,ASP-A02-B03-P02-L,,,,DETECTION_EXACT_MATCH,DOMAIN_EXACT_MATCH,POSITION_APPLIED,,270,,
168,153,153_item.jpg,item,ASI-L7JB3B|3,,ASI-L7JB3B|3,ASI-L7JB3B|3,,,,ASI-L7JB3B|3,ASI-L7JB3B|3,DETECTION_EXACT_MATCH,DOMAIN_EXACT_MATCH,ITEM_APPLIED,,415,,
169,227,227_multi_true.jpg,multi_true,ASP-A04-B02-P01-R|ASI-RZGZYD|24|ASP-A04-B02-P02-L,,ASP-A04-B02-P02-L|ASP-A04-B02-P01-R|ASI-RZGZYD|24,ASI-RZGZYD|24,,ASP-A04-B02-P01-R,,ASI-RZGZYD|24,ASI-RZGZYD|24,DETECTION_EXACT_MATCH,AMBIGUOUS_INCORRECT,AMBIGUOUS,,450,,status=RESOLVED;error=null
170,154,154_item.jpg,item,ASI-5J7MDS|24,,ASI-5J7MDS|24,ASI-5J7MDS|24,,,,ASI-5J7MDS|24,ASI-5J7MDS|24,DETECTION_EXACT_MATCH,DOMAIN_EXACT_MATCH,ITEM_APPLIED,,266,,
171,46,046_position.jpg,position,ASP-A02-B03-P02-R,,ASP-A02-B03-P02-R,ASP-A02-B03-P02-R,,ASP-A02-B03-P02-R,,,,DETECTION_EXACT_MATCH,DOMAIN_EXACT_MATCH,POSITION_APPLIED,,341,,
172,155,155_item.jpg,item,ASI-WP7WX2|12,,ASI-WP7WX2|12,ASI-WP7WX2|12,,,,ASI-WP7WX2|12,ASI-WP7WX2|12,DETECTION_EXACT_MATCH,DOMAIN_EXACT_MATCH,ITEM_APPLIED,,226,,
173,258,258_multi_mixed.jpg,multi_mixed,ASP-A05-B03-P01-R|ASI-DAPVPJ|12,BAD0018,BAD0018|ASI-DAPVPJ|12|ASP-A05-B03-P01-R,ASI-DAPVPJ|12,,ASP-A05-B03-P01-R,,ASI-DAPVPJ|12,ASI-DAPVPJ|12,DETECTION_EXACT_MATCH,AMBIGUOUS_INCORRECT,AMBIGUOUS,,478,,status=RESOLVED;error=null
174,47,047_position.jpg,position,ASP-A02-B03-P03-L,,ASP-A02-B03-P03-L,ASP-A02-B03-P03-L,,ASP-A02-B03-P03-L,,,,DETECTION_EXACT_MATCH,DOMAIN_EXACT_MATCH,POSITION_APPLIED,,345,,
175,156,156_item.jpg,item,ASI-4SF8BD|20,,ASI-4SF8BD|20,ASI-4SF8BD|20,,,,ASI-4SF8BD|20,ASI-4SF8BD|20,DETECTION_EXACT_MATCH,DOMAIN_EXACT_MATCH,ITEM_APPLIED,,221,,
176,288,288_multi_false.jpg,multi_false,,POSX0067|FAKE0068|X0069,X0069|POSX0067|FAKE0068,,,,,,,DETECTION_EXACT_MATCH,CORRECT_REJECTION,CORRECT_REJECTION,,490,,
177,157,157_item.jpg,item,ASI-QECBRN|1,,ASI-QECBRN|1,ASI-QECBRN|1,,,,ASI-QECBRN|1,ASI-QECBRN|1,DETECTION_EXACT_MATCH,DOMAIN_EXACT_MATCH,ITEM_APPLIED,,446,,
178,48,048_position.jpg,position,ASP-A02-B03-P03-R,,ASP-A02-B03-P03-R,ASP-A02-B03-P03-R,,ASP-A02-B03-P03-R,,,,DETECTION_EXACT_MATCH,DOMAIN_EXACT_MATCH,POSITION_APPLIED,,236,,
179,158,158_item.jpg,item,ASI-KRJ8HP|36,,ASI-KRJ8HP|36,ASI-KRJ8HP|36,,,,ASI-KRJ8HP|36,ASI-KRJ8HP|36,DETECTION_EXACT_MATCH,DOMAIN_EXACT_MATCH,ITEM_APPLIED,,256,,
180,228,228_multi_true.jpg,multi_true,ASP-A04-B02-P02-R|ASI-TNH7FP|96|ASP-A04-B02-P03-L,,ASP-A04-B02-P03-L|ASP-A04-B02-P02-R|ASI-TNH7FP|96,ASI-TNH7FP|96,,ASP-A04-B02-P02-R,,ASI-TNH7FP|96,ASI-TNH7FP|96,DETECTION_EXACT_MATCH,AMBIGUOUS_INCORRECT,AMBIGUOUS,,570,,status=RESOLVED;error=null
181,159,159_item.jpg,item,ASI-SZLHLV|4,,ASI-SZLHLV|4,ASI-SZLHLV|4,,,,ASI-SZLHLV|4,ASI-SZLHLV|4,DETECTION_EXACT_MATCH,DOMAIN_EXACT_MATCH,ITEM_APPLIED,,373,,
182,259,259_multi_mixed.jpg,multi_mixed,ASI-UWHA95|6|ASI-J2QYE3|2,POSX0019,POSX0019|ASI-UWHA95|6|ASI-J2QYE3|2,ASI-UWHA95|6,,,,ASI-UWHA95|6;ASI-J2QYE3|2,ASI-UWHA95|6,DETECTION_EXACT_MATCH,AMBIGUOUS_INCORRECT,AMBIGUOUS,,449,,status=RESOLVED;error=null
183,49,049_position.jpg,position,ASP-A02-B04-P01-L,,ASP-A02-B04-P01-L,ASP-A02-B04-P01-L,,ASP-A02-B04-P01-L,,,,DETECTION_EXACT_MATCH,DOMAIN_EXACT_MATCH,POSITION_APPLIED,,295,,
184,160,160_item.jpg,item,ASI-BV23NE|72,,ASI-BV23NE|72,ASI-BV23NE|72,,,,ASI-BV23NE|72,ASI-BV23NE|72,DETECTION_EXACT_MATCH,DOMAIN_EXACT_MATCH,ITEM_APPLIED,,414,,
185,289,289_multi_false.jpg,multi_false,,BAD0070|POSX0071|FAKE0072,FAKE0072|BAD0070|POSX0071,,,,,,,DETECTION_EXACT_MATCH,CORRECT_REJECTION,CORRECT_REJECTION,,452,,
186,50,050_position.jpg,position,ASP-A02-B04-P01-R,,ASP-A02-B04-P01-R,ASP-A02-B04-P01-R,,ASP-A02-B04-P01-R,,,,DETECTION_EXACT_MATCH,DOMAIN_EXACT_MATCH,POSITION_APPLIED,,352,,
187,161,161_item.jpg,item,ASI-RGVHCY|60,,ASI-RGVHCY|60,ASI-RGVHCY|60,,,,ASI-RGVHCY|60,ASI-RGVHCY|60,DETECTION_EXACT_MATCH,DOMAIN_EXACT_MATCH,ITEM_APPLIED,,277,,
188,162,162_item.jpg,item,ASI-5ZEXA4|40,,ASI-5ZEXA4|40,ASI-5ZEXA4|40,,,,ASI-5ZEXA4|40,ASI-5ZEXA4|40,DETECTION_EXACT_MATCH,DOMAIN_EXACT_MATCH,ITEM_APPLIED,,221,,
189,229,229_multi_true.jpg,multi_true,ASP-A04-B02-P03-R|ASI-BDXRJP|3|ASP-A04-B03-P01-L,,ASP-A04-B03-P01-L|ASP-A04-B02-P03-R|ASI-BDXRJP|3,ASI-BDXRJP|3,,ASP-A04-B02-P03-R,,ASI-BDXRJP|3,ASI-BDXRJP|3,DETECTION_EXACT_MATCH,AMBIGUOUS_INCORRECT,AMBIGUOUS,,592,,status=RESOLVED;error=null
190,51,051_position.jpg,position,ASP-A02-B04-P02-L,,ASP-A02-B04-P02-L,ASP-A02-B04-P02-L,,ASP-A02-B04-P02-L,,,,DETECTION_EXACT_MATCH,DOMAIN_EXACT_MATCH,POSITION_APPLIED,,291,,
191,163,163_item.jpg,item,ASI-G5Z7K5|6,,ASI-G5Z7K5|6,ASI-G5Z7K5|6,,,,ASI-G5Z7K5|6,ASI-G5Z7K5|6,DETECTION_EXACT_MATCH,DOMAIN_EXACT_MATCH,ITEM_APPLIED,,287,,
192,260,260_multi_mixed.jpg,multi_mixed,ASP-A05-B03-P02-L|ASI-5B7EW5|72,FAKE0020,FAKE0020|ASP-A05-B03-P02-L|ASI-5B7EW5|72,ASI-5B7EW5|72,,ASP-A05-B03-P02-L,,ASI-5B7EW5|72,ASI-5B7EW5|72,DETECTION_EXACT_MATCH,AMBIGUOUS_INCORRECT,AMBIGUOUS,,549,,status=RESOLVED;error=null
193,164,164_item.jpg,item,ASI-T875TW|10,,ASI-T875TW|10,ASI-T875TW|10,,,,ASI-T875TW|10,ASI-T875TW|10,DETECTION_EXACT_MATCH,DOMAIN_EXACT_MATCH,ITEM_APPLIED,,279,,
194,52,052_position.jpg,position,ASP-A02-B04-P02-R,,ASP-A02-B04-P02-R,ASP-A02-B04-P02-R,,ASP-A02-B04-P02-R,,,,DETECTION_EXACT_MATCH,DOMAIN_EXACT_MATCH,POSITION_APPLIED,,354,,
195,165,165_item.jpg,item,ASI-FT6R72|18,,ASI-FT6R72|18,ASI-FT6R72|18,,,,ASI-FT6R72|18,ASI-FT6R72|18,DETECTION_EXACT_MATCH,DOMAIN_EXACT_MATCH,ITEM_APPLIED,,275,,
196,290,290_multi_false.jpg,multi_false,,X0073|BAD0074|POSX0075,POSX0075|BAD0074|X0073,,,,,,,DETECTION_EXACT_MATCH,CORRECT_REJECTION,CORRECT_REJECTION,,437,,
197,53,053_position.jpg,position,ASP-A02-B04-P03-L,,ASP-A02-B04-P03-L,ASP-A02-B04-P03-L,,ASP-A02-B04-P03-L,,,,DETECTION_EXACT_MATCH,DOMAIN_EXACT_MATCH,POSITION_APPLIED,,272,,
198,166,166_item.jpg,item,ASI-B9WM9P|20,,ASI-B9WM9P|20,ASI-B9WM9P|20,,,,ASI-B9WM9P|20,ASI-B9WM9P|20,DETECTION_EXACT_MATCH,DOMAIN_EXACT_MATCH,ITEM_APPLIED,,280,,
199,230,230_multi_true.jpg,multi_true,ASP-A04-B03-P01-R|ASI-PPQXKA|12|ASP-A04-B03-P02-L,,ASP-A04-B03-P02-L|ASP-A04-B03-P01-R|ASI-PPQXKA|12,ASI-PPQXKA|12,,ASP-A04-B03-P01-R,,ASI-PPQXKA|12,ASI-PPQXKA|12,DETECTION_EXACT_MATCH,AMBIGUOUS_INCORRECT,AMBIGUOUS,,466,,status=RESOLVED;error=null
200,167,167_item.jpg,item,ASI-SXTTAN|3,,ASI-SXTTAN|3,ASI-SXTTAN|3,,,,ASI-SXTTAN|3,ASI-SXTTAN|3,DETECTION_EXACT_MATCH,DOMAIN_EXACT_MATCH,ITEM_APPLIED,,414,,
201,54,054_position.jpg,position,ASP-A02-B04-P03-R,,ASP-A02-B04-P03-R,ASP-A02-B04-P03-R,,ASP-A02-B04-P03-R,,,,DETECTION_EXACT_MATCH,DOMAIN_EXACT_MATCH,POSITION_APPLIED,,272,,
202,168,168_item.jpg,item,ASI-R49R89|36,,ASI-R49R89|36,ASI-R49R89|36,,,,ASI-R49R89|36,ASI-R49R89|36,DETECTION_EXACT_MATCH,DOMAIN_EXACT_MATCH,ITEM_APPLIED,,568,,
203,261,261_multi_mixed.jpg,multi_mixed,ASI-34UH3B|18|ASI-L7ZF5G|10,X0021,X0021|ASI-34UH3B|18|ASI-L7ZF5G|10,ASI-34UH3B|18,,,,ASI-34UH3B|18;ASI-L7ZF5G|10,ASI-34UH3B|18,DETECTION_EXACT_MATCH,AMBIGUOUS_INCORRECT,AMBIGUOUS,,470,,status=RESOLVED;error=null
204,55,055_position.jpg,position,ASP-A02-B05-P01-L,,ASP-A02-B05-P01-L,ASP-A02-B05-P01-L,,ASP-A02-B05-P01-L,,,,DETECTION_EXACT_MATCH,DOMAIN_EXACT_MATCH,POSITION_APPLIED,,247,,
205,169,169_item.jpg,item,ASI-BFUQ3R|15,,ASI-BFUQ3R|15,ASI-BFUQ3R|15,,,,ASI-BFUQ3R|15,ASI-BFUQ3R|15,DETECTION_EXACT_MATCH,DOMAIN_EXACT_MATCH,ITEM_APPLIED,,435,,
206,291,291_multi_false.jpg,multi_false,,FAKE0076|X0077|BAD0078,BAD0078|X0077|FAKE0076,,,,,,,DETECTION_EXACT_MATCH,CORRECT_REJECTION,CORRECT_REJECTION,,474,,
207,170,170_item.jpg,item,ASI-Z8Y5XY|36,,ASI-Z8Y5XY|36,ASI-Z8Y5XY|36,,,,ASI-Z8Y5XY|36,ASI-Z8Y5XY|36,DETECTION_EXACT_MATCH,DOMAIN_EXACT_MATCH,ITEM_APPLIED,,390,,
208,56,056_position.jpg,position,ASP-A02-B05-P01-R,,ASP-A02-B05-P01-R,ASP-A02-B05-P01-R,,ASP-A02-B05-P01-R,,,,DETECTION_EXACT_MATCH,DOMAIN_EXACT_MATCH,POSITION_APPLIED,,333,,
209,171,171_item.jpg,item,ASI-TVSQHN|18,,ASI-TVSQHN|18,ASI-TVSQHN|18,,,,ASI-TVSQHN|18,ASI-TVSQHN|18,DETECTION_EXACT_MATCH,DOMAIN_EXACT_MATCH,ITEM_APPLIED,,290,,
210,231,231_multi_true.jpg,multi_true,ASP-A04-B03-P02-R|ASI-KJSMHB|5|ASP-A04-B03-P03-L,,ASP-A04-B03-P03-L|ASP-A04-B03-P02-R|ASI-KJSMHB|5,ASI-KJSMHB|5,,ASP-A04-B03-P02-R,,ASI-KJSMHB|5,ASI-KJSMHB|5,DETECTION_EXACT_MATCH,AMBIGUOUS_INCORRECT,AMBIGUOUS,,534,,status=RESOLVED;error=null
211,172,172_item.jpg,item,ASI-HMNP8T|72,,ASI-HMNP8T|72,ASI-HMNP8T|72,,,,ASI-HMNP8T|72,ASI-HMNP8T|72,DETECTION_EXACT_MATCH,DOMAIN_EXACT_MATCH,ITEM_APPLIED,,268,,
212,262,262_multi_mixed.jpg,multi_mixed,ASP-A05-B03-P02-R|ASI-53F3VX|10,BAD0022,BAD0022|ASI-53F3VX|10|ASP-A05-B03-P02-R,ASI-53F3VX|10,,ASP-A05-B03-P02-R,,ASI-53F3VX|10,ASI-53F3VX|10,DETECTION_EXACT_MATCH,AMBIGUOUS_INCORRECT,AMBIGUOUS,,464,,status=RESOLVED;error=null
213,57,057_position.jpg,position,ASP-A02-B05-P02-L,,ASP-A02-B05-P02-L,ASP-A02-B05-P02-L,,ASP-A02-B05-P02-L,,,,DETECTION_EXACT_MATCH,DOMAIN_EXACT_MATCH,POSITION_APPLIED,,244,,
214,173,173_item.jpg,item,ASI-UGNUQZ|6,,ASI-UGNUQZ|6,ASI-UGNUQZ|6,,,,ASI-UGNUQZ|6,ASI-UGNUQZ|6,DETECTION_EXACT_MATCH,DOMAIN_EXACT_MATCH,ITEM_APPLIED,,239,,
215,292,292_multi_false.jpg,multi_false,,POSX0079|FAKE0080|X0081,X0081|POSX0079|FAKE0080,,,,,,,DETECTION_EXACT_MATCH,CORRECT_REJECTION,CORRECT_REJECTION,,506,,
216,58,058_position.jpg,position,ASP-A02-B05-P02-R,,ASP-A02-B05-P02-R,ASP-A02-B05-P02-R,,ASP-A02-B05-P02-R,,,,DETECTION_EXACT_MATCH,DOMAIN_EXACT_MATCH,POSITION_APPLIED,,328,,
217,174,174_item.jpg,item,ASI-VAJTCD|60,,ASI-VAJTCD|60,ASI-VAJTCD|60,,,,ASI-VAJTCD|60,ASI-VAJTCD|60,DETECTION_EXACT_MATCH,DOMAIN_EXACT_MATCH,ITEM_APPLIED,,234,,
218,175,175_item.jpg,item,ASI-UJ9GAU|40,,ASI-UJ9GAU|40,ASI-UJ9GAU|40,,,,ASI-UJ9GAU|40,ASI-UJ9GAU|40,DETECTION_EXACT_MATCH,DOMAIN_EXACT_MATCH,ITEM_APPLIED,,532,,
219,232,232_multi_true.jpg,multi_true,ASP-A04-B03-P03-R|ASI-AYRWBM|12|ASP-A04-B04-P01-L,,ASP-A04-B04-P01-L|ASP-A04-B03-P03-R|ASI-AYRWBM|12,ASI-AYRWBM|12,,ASP-A04-B03-P03-R,,ASI-AYRWBM|12,ASI-AYRWBM|12,DETECTION_EXACT_MATCH,AMBIGUOUS_INCORRECT,AMBIGUOUS,,406,,status=RESOLVED;error=null
220,59,059_position.jpg,position,ASP-A02-B05-P03-L,,ASP-A02-B05-P03-L,ASP-A02-B05-P03-L,,ASP-A02-B05-P03-L,,,,DETECTION_EXACT_MATCH,DOMAIN_EXACT_MATCH,POSITION_APPLIED,,285,,
221,176,176_item.jpg,item,ASI-86XMDS|40,,ASI-86XMDS|40,ASI-86XMDS|40,,,,ASI-86XMDS|40,ASI-86XMDS|40,DETECTION_EXACT_MATCH,DOMAIN_EXACT_MATCH,ITEM_APPLIED,,447,,
222,263,263_multi_mixed.jpg,multi_mixed,ASI-XLEHNY|20|ASI-KRGKSN|6,POSX0023,POSX0023|ASI-XLEHNY|20|ASI-KRGKSN|6,ASI-XLEHNY|20,,,,ASI-XLEHNY|20;ASI-KRGKSN|6,ASI-XLEHNY|20,DETECTION_EXACT_MATCH,AMBIGUOUS_INCORRECT,AMBIGUOUS,,442,,status=RESOLVED;error=null
223,177,177_item.jpg,item,ASI-HE39ED|5,,ASI-HE39ED|5,ASI-HE39ED|5,,,,ASI-HE39ED|5,ASI-HE39ED|5,DETECTION_EXACT_MATCH,DOMAIN_EXACT_MATCH,ITEM_APPLIED,,410,,
224,60,060_position.jpg,position,ASP-A02-B05-P03-R,,ASP-A02-B05-P03-R,ASP-A02-B05-P03-R,,ASP-A02-B05-P03-R,,,,DETECTION_EXACT_MATCH,DOMAIN_EXACT_MATCH,POSITION_APPLIED,,263,,
225,178,178_item.jpg,item,ASI-KVFRH4|96,,ASI-KVFRH4|96,ASI-KVFRH4|96,,,,ASI-KVFRH4|96,ASI-KVFRH4|96,DETECTION_EXACT_MATCH,DOMAIN_EXACT_MATCH,ITEM_APPLIED,,249,,
226,293,293_multi_false.jpg,multi_false,,BAD0082|POSX0083|FAKE0084,FAKE0084|POSX0083|BAD0082,,,,,,,DETECTION_EXACT_MATCH,CORRECT_REJECTION,CORRECT_REJECTION,,579,,
227,61,061_position.jpg,position,ASP-A03-B01-P01-L,,ASP-A03-B01-P01-L,ASP-A03-B01-P01-L,,ASP-A03-B01-P01-L,,,,DETECTION_EXACT_MATCH,DOMAIN_EXACT_MATCH,POSITION_APPLIED,,275,,
228,179,179_item.jpg,item,ASI-Q266V5|15,,ASI-Q266V5|15,ASI-Q266V5|15,,,,ASI-Q266V5|15,ASI-Q266V5|15,DETECTION_EXACT_MATCH,DOMAIN_EXACT_MATCH,ITEM_APPLIED,,242,,
229,233,233_multi_true.jpg,multi_true,ASP-A04-B04-P01-R|ASI-DJ4HE8|36|ASP-A04-B04-P02-L,,ASP-A04-B04-P02-L|ASP-A04-B04-P01-R|ASI-DJ4HE8|36,ASI-DJ4HE8|36,,ASP-A04-B04-P01-R,,ASI-DJ4HE8|36,ASI-DJ4HE8|36,DETECTION_EXACT_MATCH,AMBIGUOUS_INCORRECT,AMBIGUOUS,,435,,status=RESOLVED;error=null
230,180,180_item.jpg,item,ASI-DGPPSF|6,,ASI-DGPPSF|6,ASI-DGPPSF|6,,,,ASI-DGPPSF|6,ASI-DGPPSF|6,DETECTION_EXACT_MATCH,DOMAIN_EXACT_MATCH,ITEM_APPLIED,,218,,
231,62,062_position.jpg,position,ASP-A03-B01-P01-R,,ASP-A03-B01-P01-R,ASP-A03-B01-P01-R,,ASP-A03-B01-P01-R,,,,DETECTION_EXACT_MATCH,DOMAIN_EXACT_MATCH,POSITION_APPLIED,,251,,
232,181,181_item.jpg,item,ASI-RMELA4|36,,ASI-RMELA4|36,ASI-RMELA4|36,,,,ASI-RMELA4|36,ASI-RMELA4|36,DETECTION_EXACT_MATCH,DOMAIN_EXACT_MATCH,ITEM_APPLIED,,430,,
233,264,264_multi_mixed.jpg,multi_mixed,ASP-A05-B03-P03-L|ASI-KEM976|72,FAKE0024,FAKE0024|ASP-A05-B03-P03-L|ASI-KEM976|72,ASI-KEM976|72,,ASP-A05-B03-P03-L,,ASI-KEM976|72,ASI-KEM976|72,DETECTION_EXACT_MATCH,AMBIGUOUS_INCORRECT,AMBIGUOUS,,424,,status=RESOLVED;error=null
234,63,063_position.jpg,position,ASP-A03-B01-P02-L,,ASP-A03-B01-P02-L,ASP-A03-B01-P02-L,,ASP-A03-B01-P02-L,,,,DETECTION_EXACT_MATCH,DOMAIN_EXACT_MATCH,POSITION_APPLIED,,555,,
235,182,182_item.jpg,item,ASI-8UCQUU|36,,ASI-8UCQUU|36,ASI-8UCQUU|36,,,,ASI-8UCQUU|36,ASI-8UCQUU|36,DETECTION_EXACT_MATCH,DOMAIN_EXACT_MATCH,ITEM_APPLIED,,249,,
236,294,294_multi_false.jpg,multi_false,,X0085|BAD0086|POSX0087,POSX0087|BAD0086|X0085,,,,,,,DETECTION_EXACT_MATCH,CORRECT_REJECTION,CORRECT_REJECTION,,489,,
237,183,183_item.jpg,item,ASI-EQSN5H|60,,ASI-EQSN5H|60,ASI-EQSN5H|60,,,,ASI-EQSN5H|60,ASI-EQSN5H|60,DETECTION_EXACT_MATCH,DOMAIN_EXACT_MATCH,ITEM_APPLIED,,282,,
238,64,064_position.jpg,position,ASP-A03-B01-P02-R,,ASP-A03-B01-P02-R,ASP-A03-B01-P02-R,,ASP-A03-B01-P02-R,,,,DETECTION_EXACT_MATCH,DOMAIN_EXACT_MATCH,POSITION_APPLIED,,409,,
239,184,184_item.jpg,item,ASI-QKTKED|6,,ASI-QKTKED|6,ASI-QKTKED|6,,,,ASI-QKTKED|6,ASI-QKTKED|6,DETECTION_EXACT_MATCH,DOMAIN_EXACT_MATCH,ITEM_APPLIED,,221,,
240,234,234_multi_true.jpg,multi_true,ASP-A04-B04-P02-R|ASI-ZG6QCV|36|ASP-A04-B04-P03-L,,ASP-A04-B04-P03-L|ASP-A04-B04-P02-R|ASI-ZG6QCV|36,ASI-ZG6QCV|36,,ASP-A04-B04-P02-R,,ASI-ZG6QCV|36,ASI-ZG6QCV|36,DETECTION_EXACT_MATCH,AMBIGUOUS_INCORRECT,AMBIGUOUS,,432,,status=RESOLVED;error=null
241,185,185_item.jpg,item,ASI-VU6H7V|24,,ASI-VU6H7V|24,ASI-VU6H7V|24,,,,ASI-VU6H7V|24,ASI-VU6H7V|24,DETECTION_EXACT_MATCH,DOMAIN_EXACT_MATCH,ITEM_APPLIED,,256,,
242,265,265_multi_mixed.jpg,multi_mixed,ASI-WWK6E8|36|ASI-VTDYEV|36,X0025,X0025|ASI-WWK6E8|36|ASI-VTDYEV|36,ASI-WWK6E8|36,,,,ASI-WWK6E8|36;ASI-VTDYEV|36,ASI-WWK6E8|36,DETECTION_EXACT_MATCH,AMBIGUOUS_INCORRECT,AMBIGUOUS,,387,,status=RESOLVED;error=null
243,65,065_position.jpg,position,ASP-A03-B01-P03-L,,ASP-A03-B01-P03-L,ASP-A03-B01-P03-L,,ASP-A03-B01-P03-L,,,,DETECTION_EXACT_MATCH,DOMAIN_EXACT_MATCH,POSITION_APPLIED,,564,,
244,186,186_item.jpg,item,ASI-T96FC5|18,,ASI-T96FC5|18,ASI-T96FC5|18,,,,ASI-T96FC5|18,ASI-T96FC5|18,DETECTION_EXACT_MATCH,DOMAIN_EXACT_MATCH,ITEM_APPLIED,,293,,
245,295,295_multi_false.jpg,multi_false,,FAKE0088|X0089|BAD0090,BAD0090|X0089|FAKE0088,,,,,,,DETECTION_EXACT_MATCH,CORRECT_REJECTION,CORRECT_REJECTION,,462,,
246,66,066_position.jpg,position,ASP-A03-B01-P03-R,,ASP-A03-B01-P03-R,ASP-A03-B01-P03-R,,ASP-A03-B01-P03-R,,,,DETECTION_EXACT_MATCH,DOMAIN_EXACT_MATCH,POSITION_APPLIED,,364,,
247,187,187_item.jpg,item,ASI-SBFQBT|72,,ASI-SBFQBT|72,ASI-SBFQBT|72,,,,ASI-SBFQBT|72,ASI-SBFQBT|72,DETECTION_EXACT_MATCH,DOMAIN_EXACT_MATCH,ITEM_APPLIED,,352,,
248,188,188_item.jpg,item,ASI-CM86TM|72,,ASI-CM86TM|72,ASI-CM86TM|72,,,,ASI-CM86TM|72,ASI-CM86TM|72,DETECTION_EXACT_MATCH,DOMAIN_EXACT_MATCH,ITEM_APPLIED,,444,,
249,235,235_multi_true.jpg,multi_true,ASP-A04-B04-P03-R|ASI-BD835G|40|ASP-A04-B05-P01-L,,ASP-A04-B05-P01-L|ASI-BD835G|40|ASP-A04-B04-P03-R,ASI-BD835G|40,,ASP-A04-B04-P03-R,,ASI-BD835G|40,ASI-BD835G|40,DETECTION_EXACT_MATCH,AMBIGUOUS_INCORRECT,AMBIGUOUS,,447,,status=RESOLVED;error=null
250,67,067_position.jpg,position,ASP-A03-B02-P01-L,,ASP-A03-B02-P01-L,ASP-A03-B02-P01-L,,ASP-A03-B02-P01-L,,,,DETECTION_EXACT_MATCH,DOMAIN_EXACT_MATCH,POSITION_APPLIED,,238,,
251,189,189_item.jpg,item,ASI-59F8Y4|18,,ASI-59F8Y4|18,ASI-59F8Y4|18,,,,ASI-59F8Y4|18,ASI-59F8Y4|18,DETECTION_EXACT_MATCH,DOMAIN_EXACT_MATCH,ITEM_APPLIED,,465,,
252,266,266_multi_mixed.jpg,multi_mixed,ASP-A05-B03-P03-R|ASI-6CDZUE|3,BAD0026,BAD0026|ASP-A05-B03-P03-R|ASI-6CDZUE|3,ASI-6CDZUE|3,,ASP-A05-B03-P03-R,,ASI-6CDZUE|3,ASI-6CDZUE|3,DETECTION_EXACT_MATCH,AMBIGUOUS_INCORRECT,AMBIGUOUS,,478,,status=RESOLVED;error=null
253,190,190_item.jpg,item,ASI-WGLX49|15,,ASI-WGLX49|15,ASI-WGLX49|15,,,,ASI-WGLX49|15,ASI-WGLX49|15,DETECTION_EXACT_MATCH,DOMAIN_EXACT_MATCH,ITEM_APPLIED,,240,,
254,68,068_position.jpg,position,ASP-A03-B02-P01-R,,ASP-A03-B02-P01-R,ASP-A03-B02-P01-R,,ASP-A03-B02-P01-R,,,,DETECTION_EXACT_MATCH,DOMAIN_EXACT_MATCH,POSITION_APPLIED,,244,,
255,191,191_item.jpg,item,ASI-3C7FWS|18,,ASI-3C7FWS|18,ASI-3C7FWS|18,,,,ASI-3C7FWS|18,ASI-3C7FWS|18,DETECTION_EXACT_MATCH,DOMAIN_EXACT_MATCH,ITEM_APPLIED,,256,,
256,296,296_multi_false.jpg,multi_false,,POSX0091|FAKE0092|X0093,X0093|POSX0091|FAKE0092,,,,,,,DETECTION_EXACT_MATCH,CORRECT_REJECTION,CORRECT_REJECTION,,535,,
257,69,069_position.jpg,position,ASP-A03-B02-P02-L,,ASP-A03-B02-P02-L,ASP-A03-B02-P02-L,,ASP-A03-B02-P02-L,,,,DETECTION_EXACT_MATCH,DOMAIN_EXACT_MATCH,POSITION_APPLIED,,274,,
258,192,192_item.jpg,item,ASI-H3A74D|8,,ASI-H3A74D|8,ASI-H3A74D|8,,,,ASI-H3A74D|8,ASI-H3A74D|8,DETECTION_EXACT_MATCH,DOMAIN_EXACT_MATCH,ITEM_APPLIED,,285,,
259,236,236_multi_true.jpg,multi_true,ASP-A04-B05-P01-R|ASI-6EFWKE|5|ASP-A04-B05-P02-L,,ASP-A04-B05-P02-L|ASP-A04-B05-P01-R|ASI-6EFWKE|5,ASI-6EFWKE|5,,ASP-A04-B05-P01-R,,ASI-6EFWKE|5,ASI-6EFWKE|5,DETECTION_EXACT_MATCH,AMBIGUOUS_INCORRECT,AMBIGUOUS,,674,,status=RESOLVED;error=null
260,193,193_item.jpg,item,ASI-Z96DPT|60,,ASI-Z96DPT|60,ASI-Z96DPT|60,,,,ASI-Z96DPT|60,ASI-Z96DPT|60,DETECTION_EXACT_MATCH,DOMAIN_EXACT_MATCH,ITEM_APPLIED,,205,,
261,70,070_position.jpg,position,ASP-A03-B02-P02-R,,ASP-A03-B02-P02-R,ASP-A03-B02-P02-R,,ASP-A03-B02-P02-R,,,,DETECTION_EXACT_MATCH,DOMAIN_EXACT_MATCH,POSITION_APPLIED,,292,,
262,194,194_item.jpg,item,ASI-JU69HB|96,,ASI-JU69HB|96,ASI-JU69HB|96,,,,ASI-JU69HB|96,ASI-JU69HB|96,DETECTION_EXACT_MATCH,DOMAIN_EXACT_MATCH,ITEM_APPLIED,,269,,
263,267,267_multi_mixed.jpg,multi_mixed,ASI-27C6NW|96|ASI-8KD6GX|3,POSX0027,POSX0027|ASI-27C6NW|96|ASI-8KD6GX|3,ASI-27C6NW|96,,,,ASI-27C6NW|96;ASI-8KD6GX|3,ASI-27C6NW|96,DETECTION_EXACT_MATCH,AMBIGUOUS_INCORRECT,AMBIGUOUS,,425,,status=RESOLVED;error=null
264,71,071_position.jpg,position,ASP-A03-B02-P03-L,,ASP-A03-B02-P03-L,ASP-A03-B02-P03-L,,ASP-A03-B02-P03-L,,,,DETECTION_EXACT_MATCH,DOMAIN_EXACT_MATCH,POSITION_APPLIED,,235,,
265,195,195_item.jpg,item,ASI-RLVA4F|10,,ASI-RLVA4F|10,ASI-RLVA4F|10,,,,ASI-RLVA4F|10,ASI-RLVA4F|10,DETECTION_EXACT_MATCH,DOMAIN_EXACT_MATCH,ITEM_APPLIED,,577,,
266,297,297_multi_false.jpg,multi_false,,BAD0094|POSX0095|FAKE0096,FAKE0096|BAD0094|POSX0095,,,,,,,DETECTION_EXACT_MATCH,CORRECT_REJECTION,CORRECT_REJECTION,,418,,
267,196,196_item.jpg,item,ASI-H7HK9U|48,,ASI-H7HK9U|48,ASI-H7HK9U|48,,,,ASI-H7HK9U|48,ASI-H7HK9U|48,DETECTION_EXACT_MATCH,DOMAIN_EXACT_MATCH,ITEM_APPLIED,,262,,
268,72,072_position.jpg,position,ASP-A03-B02-P03-R,,ASP-A03-B02-P03-R,ASP-A03-B02-P03-R,,ASP-A03-B02-P03-R,,,,DETECTION_EXACT_MATCH,DOMAIN_EXACT_MATCH,POSITION_APPLIED,,344,,
269,197,197_item.jpg,item,ASI-T488R7|60,,ASI-T488R7|60,ASI-T488R7|60,,,,ASI-T488R7|60,ASI-T488R7|60,DETECTION_EXACT_MATCH,DOMAIN_EXACT_MATCH,ITEM_APPLIED,,267,,
270,237,237_multi_true.jpg,multi_true,ASP-A04-B05-P02-R|ASI-TW2U75|4|ASP-A04-B05-P03-L,,ASP-A04-B05-P03-L|ASP-A04-B05-P02-R|ASI-TW2U75|4,ASI-TW2U75|4,,ASP-A04-B05-P02-R,,ASI-TW2U75|4,ASI-TW2U75|4,DETECTION_EXACT_MATCH,AMBIGUOUS_INCORRECT,AMBIGUOUS,,419,,status=RESOLVED;error=null
271,198,198_item.jpg,item,ASI-K2NJET|30,,ASI-K2NJET|30,ASI-K2NJET|30,,,,ASI-K2NJET|30,ASI-K2NJET|30,DETECTION_EXACT_MATCH,DOMAIN_EXACT_MATCH,ITEM_APPLIED,,262,,
272,268,268_multi_mixed.jpg,multi_mixed,ASP-A05-B04-P01-L|ASI-MCR66L|20,FAKE0028,FAKE0028|ASP-A05-B04-P01-L|ASI-MCR66L|20,ASI-MCR66L|20,,ASP-A05-B04-P01-L,,ASI-MCR66L|20,ASI-MCR66L|20,DETECTION_EXACT_MATCH,AMBIGUOUS_INCORRECT,AMBIGUOUS,,422,,status=RESOLVED;error=null
273,73,073_position.jpg,position,ASP-A03-B03-P01-L,,ASP-A03-B03-P01-L,ASP-A03-B03-P01-L,,ASP-A03-B03-P01-L,,,,DETECTION_EXACT_MATCH,DOMAIN_EXACT_MATCH,POSITION_APPLIED,,541,,
274,199,199_item.jpg,item,ASI-XTAUV9|5,,ASI-XTAUV9|5,ASI-XTAUV9|5,,,,ASI-XTAUV9|5,ASI-XTAUV9|5,DETECTION_EXACT_MATCH,DOMAIN_EXACT_MATCH,ITEM_APPLIED,,282,,
275,298,298_multi_false.jpg,multi_false,,X0097|BAD0098|POSX0099,POSX0099|X0097|BAD0098,,,,,,,DETECTION_EXACT_MATCH,CORRECT_REJECTION,CORRECT_REJECTION,,441,,
276,74,074_position.jpg,position,ASP-A03-B03-P01-R,,ASP-A03-B03-P01-R,ASP-A03-B03-P01-R,,ASP-A03-B03-P01-R,,,,DETECTION_EXACT_MATCH,DOMAIN_EXACT_MATCH,POSITION_APPLIED,,235,,
277,200,200_item.jpg,item,ASI-68YX27|18,,ASI-68YX27|18,ASI-68YX27|18,,,,ASI-68YX27|18,ASI-68YX27|18,DETECTION_EXACT_MATCH,DOMAIN_EXACT_MATCH,ITEM_APPLIED,,229,,
278,201,201_item.jpg,item,ASI-NR2Q4C|18,,ASI-NR2Q4C|18,ASI-NR2Q4C|18,,,,ASI-NR2Q4C|18,ASI-NR2Q4C|18,DETECTION_EXACT_MATCH,DOMAIN_EXACT_MATCH,ITEM_APPLIED,,540,,
279,238,238_multi_true.jpg,multi_true,ASP-A04-B05-P03-R|ASI-HP56Q4|18|ASP-A05-B01-P01-L,,ASP-A05-B01-P01-L|ASP-A04-B05-P03-R|ASI-HP56Q4|18,ASI-HP56Q4|18,,ASP-A04-B05-P03-R,,ASI-HP56Q4|18,ASI-HP56Q4|18,DETECTION_EXACT_MATCH,AMBIGUOUS_INCORRECT,AMBIGUOUS,,386,,status=RESOLVED;error=null
280,75,075_position.jpg,position,ASP-A03-B03-P02-L,,ASP-A03-B03-P02-L,ASP-A03-B03-P02-L,,ASP-A03-B03-P02-L,,,,DETECTION_EXACT_MATCH,DOMAIN_EXACT_MATCH,POSITION_APPLIED,,253,,
281,202,202_item.jpg,item,ASI-822K9C|5,,ASI-822K9C|5,ASI-822K9C|5,,,,ASI-822K9C|5,ASI-822K9C|5,DETECTION_EXACT_MATCH,DOMAIN_EXACT_MATCH,ITEM_APPLIED,,442,,
282,269,269_multi_mixed.jpg,multi_mixed,ASI-ZU24XD|18|ASI-EXG2US|96,X0029,X0029|ASI-ZU24XD|18|ASI-EXG2US|96,ASI-ZU24XD|18,,,,ASI-ZU24XD|18;ASI-EXG2US|96,ASI-ZU24XD|18,DETECTION_EXACT_MATCH,AMBIGUOUS_INCORRECT,AMBIGUOUS,,473,,status=RESOLVED;error=null
283,203,203_item.jpg,item,ASI-XG6G7A|5,,ASI-XG6G7A|5,ASI-XG6G7A|5,,,,ASI-XG6G7A|5,ASI-XG6G7A|5,DETECTION_EXACT_MATCH,DOMAIN_EXACT_MATCH,ITEM_APPLIED,,351,,
284,76,076_position.jpg,position,ASP-A03-B03-P02-R,,ASP-A03-B03-P02-R,ASP-A03-B03-P02-R,,ASP-A03-B03-P02-R,,,,DETECTION_EXACT_MATCH,DOMAIN_EXACT_MATCH,POSITION_APPLIED,,254,,
285,204,204_item.jpg,item,ASI-4KE8SX|96,,ASI-4KE8SX|96,ASI-4KE8SX|96,,,,ASI-4KE8SX|96,ASI-4KE8SX|96,DETECTION_EXACT_MATCH,DOMAIN_EXACT_MATCH,ITEM_APPLIED,,257,,
286,299,299_multi_false.jpg,multi_false,,FAKE0100|X0101|BAD0102,BAD0102|FAKE0100|X0101,,,,,,,DETECTION_EXACT_MATCH,CORRECT_REJECTION,CORRECT_REJECTION,,591,,
287,77,077_position.jpg,position,ASP-A03-B03-P03-L,,ASP-A03-B03-P03-L,ASP-A03-B03-P03-L,,ASP-A03-B03-P03-L,,,,DETECTION_EXACT_MATCH,DOMAIN_EXACT_MATCH,POSITION_APPLIED,,460,,
288,205,205_item.jpg,item,ASI-3FX2W9|60,,ASI-3FX2W9|60,ASI-3FX2W9|60,,,,ASI-3FX2W9|60,ASI-3FX2W9|60,DETECTION_EXACT_MATCH,DOMAIN_EXACT_MATCH,ITEM_APPLIED,,276,,
289,239,239_multi_true.jpg,multi_true,ASP-A05-B01-P01-R|ASI-734GW5|18|ASP-A05-B01-P02-L,,ASP-A05-B01-P02-L|ASP-A05-B01-P01-R|ASI-734GW5|18,ASI-734GW5|18,,ASP-A05-B01-P01-R,,ASI-734GW5|18,ASI-734GW5|18,DETECTION_EXACT_MATCH,AMBIGUOUS_INCORRECT,AMBIGUOUS,,432,,status=RESOLVED;error=null
290,206,206_item.jpg,item,ASI-CERUQF|30,,ASI-CERUQF|30,ASI-CERUQF|30,,,,ASI-CERUQF|30,ASI-CERUQF|30,DETECTION_EXACT_MATCH,DOMAIN_EXACT_MATCH,ITEM_APPLIED,,358,,
291,78,078_position.jpg,position,ASP-A03-B03-P03-R,,ASP-A03-B03-P03-R,ASP-A03-B03-P03-R,,ASP-A03-B03-P03-R,,,,DETECTION_EXACT_MATCH,DOMAIN_EXACT_MATCH,POSITION_APPLIED,,279,,
292,207,207_item.jpg,item,ASI-GG6LVB|2,,ASI-GG6LVB|2,ASI-GG6LVB|2,,,,ASI-GG6LVB|2,ASI-GG6LVB|2,DETECTION_EXACT_MATCH,DOMAIN_EXACT_MATCH,ITEM_APPLIED,,426,,
293,270,270_multi_mixed.jpg,multi_mixed,ASP-A05-B04-P01-R|ASI-KXFKYV|24,BAD0030,BAD0030|ASI-KXFKYV|24|ASP-A05-B04-P01-R,ASI-KXFKYV|24,,ASP-A05-B04-P01-R,,ASI-KXFKYV|24,ASI-KXFKYV|24,DETECTION_EXACT_MATCH,AMBIGUOUS_INCORRECT,AMBIGUOUS,,400,,status=RESOLVED;error=null
294,79,079_position.jpg,position,ASP-A03-B04-P01-L,,ASP-A03-B04-P01-L,ASP-A03-B04-P01-L,,ASP-A03-B04-P01-L,,,,DETECTION_EXACT_MATCH,DOMAIN_EXACT_MATCH,POSITION_APPLIED,,367,,
295,208,208_item.jpg,item,ASI-WDUYZ5|5,,ASI-WDUYZ5|5,ASI-WDUYZ5|5,,,,ASI-WDUYZ5|5,ASI-WDUYZ5|5,DETECTION_EXACT_MATCH,DOMAIN_EXACT_MATCH,ITEM_APPLIED,,263,,
296,300,300_multi_false.jpg,multi_false,,POSX0103|FAKE0104|X0105,X0105|POSX0103|FAKE0104,,,,,,,DETECTION_EXACT_MATCH,CORRECT_REJECTION,CORRECT_REJECTION,,482,,
297,209,209_item.jpg,item,ASI-R4MLMF|96,,ASI-R4MLMF|96,ASI-R4MLMF|96,,,,ASI-R4MLMF|96,ASI-R4MLMF|96,DETECTION_EXACT_MATCH,DOMAIN_EXACT_MATCH,ITEM_APPLIED,,259,,
298,80,080_position.jpg,position,ASP-A03-B04-P01-R,,ASP-A03-B04-P01-R,ASP-A03-B04-P01-R,,ASP-A03-B04-P01-R,,,,DETECTION_EXACT_MATCH,DOMAIN_EXACT_MATCH,POSITION_APPLIED,,249,,
299,210,210_item.jpg,item,ASI-2R9KQ7|12,,ASI-2R9KQ7|12,ASI-2R9KQ7|12,,,,ASI-2R9KQ7|12,ASI-2R9KQ7|12,DETECTION_EXACT_MATCH,DOMAIN_EXACT_MATCH,ITEM_APPLIED,,235,,
300,240,240_multi_true.jpg,multi_true,ASP-A05-B01-P02-R|ASI-SZK8EF|3|ASP-A05-B01-P03-L,,ASP-A05-B01-P03-L|ASI-SZK8EF|3|ASP-A05-B01-P02-R,ASI-SZK8EF|3,,ASP-A05-B01-P02-R,,ASI-SZK8EF|3,ASI-SZK8EF|3,DETECTION_EXACT_MATCH,AMBIGUOUS_INCORRECT,AMBIGUOUS,,504,,status=RESOLVED;error=null
