benchmark_sequence,original_sequence,filename,scenario,category,sha256,valid_andes_count,false_label_count,labels_json,size_bytes,width,height
1,81,081_item.jpg,item_single_valid,item,99fdab46a653c23694d1b1e3822cd23aab9b0d038c0618eb9c88a90b54089562,1,0,"[{kind: item, valid_andes: true, payload: ASI-HBTRQJ|4, display: ASI-HBTRQJ, qty: 4}]",57260,1200,1000
2,241,241_multi_mixed.jpg,multi_mixed_2,multi_mixed,88feebd02af025a119e53fa4217a4137fa098cb04f262d5da016582444682aa6,1,1,"[{kind: item, valid_andes: true, payload: ASI-F5GZJD|72, display: ASI-F5GZJD, qty: 72}, {kind: false, valid_andes: false, payload: X0001, display: X-0001}]",78222,1200,1000
3,1,001_position.jpg,position_single_valid,position,db76aaf490afe4ed9e3f130024a629ad56e87325af5c14a7397b62d60148b5f3,1,0,"[{kind: position, valid_andes: true, payload: ASP-A01-B01-P01-L, display: ASP-A01-B01-P01-L}]",61613,1200,1000
4,82,082_item.jpg,item_single_valid,item,28b6b91a933b8604ed95acfb0c9fd38f88093194dfc02de4992d38752b76f8dd,1,0,"[{kind: item, valid_andes: true, payload: ASI-F5CBFP|10, display: ASI-F5CBFP, qty: 10}]",58611,1200,1000
5,271,271_multi_false.jpg,multi_false_2,multi_false,4078b6df601ca6943e27c147c44ea250c4a0721ba39ad068494290a17e47724c,0,2,"[{kind: false, valid_andes: false, payload: POSX0031, display: POSX-0031}, {kind: false, valid_andes: false, payload: FAKE0032, display: FAKE-0032}]",82597,1200,1000
6,2,002_position.jpg,position_single_valid,position,55312fd703b3f802092a409cc43e72e89201c583bc4320c2ac42c4661f083a28,1,0,"[{kind: position, valid_andes: true, payload: ASP-A01-B01-P01-R, display: ASP-A01-B01-P01-R}]",61961,1200,1000
7,83,083_item.jpg,item_single_valid,item,05933a788e046f1de3b2304f1b06ed6e9180eeb4918113aa3220f3a95be3e240,1,0,"[{kind: item, valid_andes: true, payload: ASI-BN4Q6T|1, display: ASI-BN4Q6T, qty: 1}]",57156,1200,1000
8,84,084_item.jpg,item_single_valid,item,b45fff7d40935da4c0eee40ef992b5f6f6cf2f36ce9a0df5b74e3b12c903da88,1,0,"[{kind: item, valid_andes: true, payload: ASI-L5XTKP|18, display: ASI-L5XTKP, qty: 18}]",57415,1200,1000
9,211,211_multi_true.jpg,multi_true_2,multi_true,8a5662834d601c425916ae7d185d0d969d0c0326425fa2d816a523704d333d1e,2,0,"[{kind: position, valid_andes: true, payload: ASP-A03-B04-P02-L, display: ASP-A03-B04-P02-L}, {kind: item, valid_andes: true, payload: ASI-7SA7UL|3, display: ASI-7SA7UL, qty: 3}]",83297,1200,1000
10,3,003_position.jpg,position_single_valid,position,7b7ecbea1e2c596e2edfaa9c8c5fda405c07739be996e95d91d22dd6e47c963c,1,0,"[{kind: position, valid_andes: true, payload: ASP-A01-B01-P02-L, display: ASP-A01-B01-P02-L}]",61582,1200,1000
11,85,085_item.jpg,item_single_valid,item,791a11f80c3d759a3f610350cc06c22af8b37cba10b6d6278b76ce581a151579,1,0,"[{kind: item, valid_andes: true, payload: ASI-GF2GYY|96, display: ASI-GF2GYY, qty: 96}]",57780,1200,1000
12,242,242_multi_mixed.jpg,multi_mixed_2,multi_mixed,c39e2af5bd35ae8804d5cb2155a0408d41a7f07881599b163b5091ae76df1391,1,1,"[{kind: position, valid_andes: true, payload: ASP-A05-B01-P03-R, display: ASP-A05-B01-P03-R}, {kind: false, valid_andes: false, payload: BAD0002, display: BAD-0002}]",83177,1200,1000
13,86,086_item.jpg,item_single_valid,item,821cef37555388ebeb6fd681b2fbb04a2766743e51c5f0200cf3ef2d02b5a53a,1,0,"[{kind: item, valid_andes: true, payload: ASI-SC7H2F|60, display: ASI-SC7H2F, qty: 60}]",57847,1200,1000
14,4,004_position.jpg,position_single_valid,position,64438c0f08a87d86a16ce3a4423d08cd571496a15d21f4455017d968082e193f,1,0,"[{kind: position, valid_andes: true, payload: ASP-A01-B01-P02-R, display: ASP-A01-B01-P02-R}]",61959,1200,1000
15,87,087_item.jpg,item_single_valid,item,414f6d59150f9176b33fa5de1d7b0ea72d3d8b6c3b43817514167cc454b6e4e5,1,0,"[{kind: item, valid_andes: true, payload: ASI-UZNECQ|15, display: ASI-UZNECQ, qty: 15}]",58194,1200,1000
16,272,272_multi_false.jpg,multi_false_2,multi_false,49edb26856f9ac9ea3ca4dc48273b3a78cd27bb61b6b04e2fe5eed5928a6ad0c,0,2,"[{kind: false, valid_andes: false, payload: X0033, display: X-0033}, {kind: false, valid_andes: false, payload: BAD0034, display: BAD-0034}]",79355,1200,1000
17,5,005_position.jpg,position_single_valid,position,8bc3bbe92f10678dbc8edce647e1540114739fbd7fe7cbef78634011e9f783c6,1,0,"[{kind: position, valid_andes: true, payload: ASP-A01-B01-P03-L, display: ASP-A01-B01-P03-L}]",61341,1200,1000
18,88,088_item.jpg,item_single_valid,item,5dcb18746c2b122d5da4bed4414ba738b21d47e736cf100e65fddd523face5cf,1,0,"[{kind: item, valid_andes: true, payload: ASI-FQG2T7|20, display: ASI-FQG2T7, qty: 20}]",57815,1200,1000
19,212,212_multi_true.jpg,multi_true_2,multi_true,13aa23f8091942ddcb30aa6f003e19c07043a7df92ac115f75379072f7c19ae3,2,0,"[{kind: position, valid_andes: true, payload: ASP-A03-B04-P02-R, display: ASP-A03-B04-P02-R}, {kind: item, valid_andes: true, payload: ASI-6YV5S7|15, display: ASI-6YV5S7, qty: 15}]",83746,1200,1000
20,89,089_item.jpg,item_single_valid,item,31c07d21a22e893be529a741ed358a89faf093401a611fcccd920bb5a0424a04,1,0,"[{kind: item, valid_andes: true, payload: ASI-LZYPTE|96, display: ASI-LZYPTE, qty: 96}]",58220,1200,1000
21,6,006_position.jpg,position_single_valid,position,e56047c0794915b35d4abb44bff08600861ef83e87dc64e9516e6a02bd0f1a3c,1,0,"[{kind: position, valid_andes: true, payload: ASP-A01-B01-P03-R, display: ASP-A01-B01-P03-R}]",61059,1200,1000
22,90,090_item.jpg,item_single_valid,item,adfb7cc7197d9d84eb594948a09622cee73a159afe1dd0c65604622c52530d89,1,0,"[{kind: item, valid_andes: true, payload: ASI-LRL72T|60, display: ASI-LRL72T, qty: 60}]",56238,1200,1000
23,243,243_multi_mixed.jpg,multi_mixed_2,multi_mixed,94ea048c6dee20e0cb3a1f30221c4d512e55a163586c01fe6ed527c2a580ae2d,1,1,"[{kind: item, valid_andes: true, payload: ASI-XH4Y5D|15, display: ASI-XH4Y5D, qty: 15}, {kind: false, valid_andes: false, payload: POSX0003, display: POSX-0003}]",81506,1200,1000
24,7,007_position.jpg,position_single_valid,position,d18263320b5995d4a0b1a3cd8ef2ad119c7c89dcd7634b546bf5ca6c5ba40639,1,0,"[{kind: position, valid_andes: true, payload: ASP-A01-B02-P01-L, display: ASP-A01-B02-P01-L}]",61852,1200,1000
25,91,091_item.jpg,item_single_valid,item,888ce7b4dbc84ba7f8af34bc8975ba30022d5a7eb83ca19e12280ed8745dc2e6,1,0,"[{kind: item, valid_andes: true, payload: ASI-QWDQCW|24, display: ASI-QWDQCW, qty: 24}]",57977,1200,1000
26,273,273_multi_false.jpg,multi_false_2,multi_false,3cb1baa11a9e9a6bde840f150ee9a20022daf86a5dd643fc94a76d2aa3e65355,0,2,"[{kind: false, valid_andes: false, payload: POSX0035, display: POSX-0035}, {kind: false, valid_andes: false, payload: FAKE0036, display: FAKE-0036}]",81138,1200,1000
27,92,092_item.jpg,item_single_valid,item,6f8d88753ef84a3e97758686a0552cc756ba1d1ef412b3025c272efaf4a31d78,1,0,"[{kind: item, valid_andes: true, payload: ASI-TEPWP9|24, display: ASI-TEPWP9, qty: 24}]",58080,1200,1000
28,8,008_position.jpg,position_single_valid,position,bcc45af5798c32351060a02e7ce404e1811cb428dc3e0de55ab778d4cf9dd6ae,1,0,"[{kind: position, valid_andes: true, payload: ASP-A01-B02-P01-R, display: ASP-A01-B02-P01-R}]",62376,1200,1000
29,93,093_item.jpg,item_single_valid,item,c55a48d5c8e649e5a9f9749f0814d03a21ad87365518852962ff0b397bc93caf,1,0,"[{kind: item, valid_andes: true, payload: ASI-7KSJRS|72, display: ASI-7KSJRS, qty: 72}]",58199,1200,1000
30,213,213_multi_true.jpg,multi_true_2,multi_true,738adfc28c3f694525aae649b153c5b484933a18cdeaad76430a6a27e5d598b1,2,0,"[{kind: position, valid_andes: true, payload: ASP-A03-B04-P03-L, display: ASP-A03-B04-P03-L}, {kind: item, valid_andes: true, payload: ASI-N28GR2|72, display: ASI-N28GR2, qty: 72}]",83516,1200,1000
31,94,094_item.jpg,item_single_valid,item,cdd1c82485b1db77b6d1e76e1a0b331d92c48bd8841d49c27d0a54ac62b753c3,1,0,"[{kind: item, valid_andes: true, payload: ASI-53ZQJ9|3, display: ASI-53ZQJ9, qty: 3}]",57851,1200,1000
32,244,244_multi_mixed.jpg,multi_mixed_2,multi_mixed,57420df9a73c67bd9f628c6b5bf2ebffa81b515f27d531ad2c2b3572438d4925,1,1,"[{kind: position, valid_andes: true, payload: ASP-A05-B02-P01-L, display: ASP-A05-B02-P01-L}, {kind: false, valid_andes: false, payload: FAKE0004, display: FAKE-0004}]",83528,1200,1000
33,9,009_position.jpg,position_single_valid,position,9e06a86d3fdb52432075f75dc0721e1d7bd23087a3af922ecce70f4b1036c21e,1,0,"[{kind: position, valid_andes: true, payload: ASP-A01-B02-P02-L, display: ASP-A01-B02-P02-L}]",61012,1200,1000
34,95,095_item.jpg,item_single_valid,item,521d6a4d9fab2432069282f607975f0ceb4a04d64816afbe954ff808d69d6928,1,0,"[{kind: item, valid_andes: true, payload: ASI-DHKL5E|24, display: ASI-DHKL5E, qty: 24}]",57683,1200,1000
35,274,274_multi_false.jpg,multi_false_2,multi_false,48ad12aeead1ed398ad6595db82c12bff6c702c1552d9d5f6dc0ca472a5cdb21,0,2,"[{kind: false, valid_andes: false, payload: X0037, display: X-0037}, {kind: false, valid_andes: false, payload: BAD0038, display: BAD-0038}]",77051,1200,1000
36,10,010_position.jpg,position_single_valid,position,8d39633ca150981ef4788e045a43e303db9904a35eea03ac7f541a0ba5d0a541,1,0,"[{kind: position, valid_andes: true, payload: ASP-A01-B02-P02-R, display: ASP-A01-B02-P02-R}]",62301,1200,1000
37,96,096_item.jpg,item_single_valid,item,202009bd3dd1838c1b7c25fc54d9cb3061b9171250b3d9ab1efa7a25c91d232f,1,0,"[{kind: item, valid_andes: true, payload: ASI-27SAHT|18, display: ASI-27SAHT, qty: 18}]",56903,1200,1000
38,97,097_item.jpg,item_single_valid,item,a21dc74c27d701ee088b37fd53a65da72f48d8d5a99f02b4bfd0147e26e7005d,1,0,"[{kind: item, valid_andes: true, payload: ASI-HU5L7A|12, display: ASI-HU5L7A, qty: 12}]",57205,1200,1000
39,214,214_multi_true.jpg,multi_true_2,multi_true,bc16012f2bfd620758ef20f7f93df4016be59802411ca84511d5a58d5efa4148,2,0,"[{kind: position, valid_andes: true, payload: ASP-A03-B04-P03-R, display: ASP-A03-B04-P03-R}, {kind: item, valid_andes: true, payload: ASI-YUUB3T|1, display: ASI-YUUB3T, qty: 1}]",84058,1200,1000
40,11,011_position.jpg,position_single_valid,position,d5f4f9d072a5351c4a9aa463dafaf509ff24191addc1c398fa8967e9b415e290,1,0,"[{kind: position, valid_andes: true, payload: ASP-A01-B02-P03-L, display: ASP-A01-B02-P03-L}]",61851,1200,1000
41,98,098_item.jpg,item_single_valid,item,f083fcbf619efe1b439f78bc20c5ed3259731107b1f2dd5d6465cbdf192f30f3,1,0,"[{kind: item, valid_andes: true, payload: ASI-MGVNKZ|6, display: ASI-MGVNKZ, qty: 6}]",57634,1200,1000
42,245,245_multi_mixed.jpg,multi_mixed_2,multi_mixed,7a8df3ad9ccd298001193577873c080f19d00a50202835d034238772d5816650,1,1,"[{kind: item, valid_andes: true, payload: ASI-VYGPK8|10, display: ASI-VYGPK8, qty: 10}, {kind: false, valid_andes: false, payload: X0005, display: X-0005}]",78466,1200,1000
43,99,099_item.jpg,item_single_valid,item,3372336ccb57342f4b743b96e2a6421d4f4750cda835ecb382cbcd62b03f30ca,1,0,"[{kind: item, valid_andes: true, payload: ASI-AW9BHZ|15, display: ASI-AW9BHZ, qty: 15}]",57211,1200,1000
44,12,012_position.jpg,position_single_valid,position,52a833742db3b5fdd927e78a4933706b99ffc75c6517ba2ffd401cd5da971ce2,1,0,"[{kind: position, valid_andes: true, payload: ASP-A01-B02-P03-R, display: ASP-A01-B02-P03-R}]",61619,1200,1000
45,100,100_item.jpg,item_single_valid,item,ad7be9cc0407e057776ac75f347f8e94b0f6eb3b2160fe5a03929eb4439021a0,1,0,"[{kind: item, valid_andes: true, payload: ASI-RDRFF9|3, display: ASI-RDRFF9, qty: 3}]",57480,1200,1000
46,275,275_multi_false.jpg,multi_false_2,multi_false,eaccc658ff6b586faa9a3d67cd43d72b435b786cf586f19d3ea78e65cacb8d09,0,2,"[{kind: false, valid_andes: false, payload: POSX0039, display: POSX-0039}, {kind: false, valid_andes: false, payload: FAKE0040, display: FAKE-0040}]",82815,1200,1000
47,13,013_position.jpg,position_single_valid,position,a6540d670942fdf1dfe2f5ac295b66812d6276acb644bc1b96d66f3e1e8d4ab5,1,0,"[{kind: position, valid_andes: true, payload: ASP-A01-B03-P01-L, display: ASP-A01-B03-P01-L}]",61344,1200,1000
48,101,101_item.jpg,item_single_valid,item,a33b5043d39d34e03aaa3a0106fc5650afd33cd123b6728d099d11ea9e834372,1,0,"[{kind: item, valid_andes: true, payload: ASI-JJ8LS5|8, display: ASI-JJ8LS5, qty: 8}]",57076,1200,1000
49,215,215_multi_true.jpg,multi_true_2,multi_true,fa0f7bceb8fff3863be2fb783c1647c82caa9fa106121c2fc097a89e930a72ca,2,0,"[{kind: position, valid_andes: true, payload: ASP-A03-B05-P01-L, display: ASP-A03-B05-P01-L}, {kind: item, valid_andes: true, payload: ASI-D9UQYQ|8, display: ASI-D9UQYQ, qty: 8}]",84481,1200,1000
50,102,102_item.jpg,item_single_valid,item,8e146c9f9fb09696183f872b7adb8708cf62b66825d258b77098636f5253cdf8,1,0,"[{kind: item, valid_andes: true, payload: ASI-NV3Z66|4, display: ASI-NV3Z66, qty: 4}]",57809,1200,1000
51,14,014_position.jpg,position_single_valid,position,97c42e5eb6ee676648f581046019ba0022c1b0a7ae00e866a2c680f29ffd455a,1,0,"[{kind: position, valid_andes: true, payload: ASP-A01-B03-P01-R, display: ASP-A01-B03-P01-R}]",61159,1200,1000
52,103,103_item.jpg,item_single_valid,item,1b20cf914980b5ddf788ea55059f8c290d86e34ea68f4faad55baed4862f32e1,1,0,"[{kind: item, valid_andes: true, payload: ASI-RQEXBQ|72, display: ASI-RQEXBQ, qty: 72}]",58411,1200,1000
53,246,246_multi_mixed.jpg,multi_mixed_2,multi_mixed,7cebaaeb0af22afd4a93a3a4feadf54cb984c2d22194a2686c7846808505b5ab,1,1,"[{kind: position, valid_andes: true, payload: ASP-A05-B02-P01-R, display: ASP-A05-B02-P01-R}, {kind: false, valid_andes: false, payload: BAD0006, display: BAD-0006}]",82525,1200,1000
54,15,015_position.jpg,position_single_valid,position,21aee66f469c9b65ade990cc8148cc557600891bbb534dcf7936748781d604d3,1,0,"[{kind: position, valid_andes: true, payload: ASP-A01-B03-P02-L, display: ASP-A01-B03-P02-L}]",61160,1200,1000
55,104,104_item.jpg,item_single_valid,item,9d66b3250c443c384e948fd2e65f9a6b97fd85dc50d1cb903b4200c0ffe6fd82,1,0,"[{kind: item, valid_andes: true, payload: ASI-QAEDQE|2, display: ASI-QAEDQE, qty: 2}]",57314,1200,1000
56,276,276_multi_false.jpg,multi_false_2,multi_false,646281f7c4c97334a6018af619e14db26f55754a62b0a3402416d9caf0feecae,0,2,"[{kind: false, valid_andes: false, payload: X0041, display: X-0041}, {kind: false, valid_andes: false, payload: BAD0042, display: BAD-0042}]",79031,1200,1000
57,105,105_item.jpg,item_single_valid,item,7e9075f5af69bde4e8df48f8bc4195988a6f023146e1907ac66a904d8280ab23,1,0,"[{kind: item, valid_andes: true, payload: ASI-XERT9P|60, display: ASI-XERT9P, qty: 60}]",58036,1200,1000
58,16,016_position.jpg,position_single_valid,position,2ce272155ff168950521bfb86d5f7d2303cd197f924452cd186a66e2778108a0,1,0,"[{kind: position, valid_andes: true, payload: ASP-A01-B03-P02-R, display: ASP-A01-B03-P02-R}]",61092,1200,1000
59,106,106_item.jpg,item_single_valid,item,88980fe42688e7aac9b8346ae3126b6e54e1bcf391707a01643dbd1245282299,1,0,"[{kind: item, valid_andes: true, payload: ASI-J8R84N|4, display: ASI-J8R84N, qty: 4}]",57266,1200,1000
60,216,216_multi_true.jpg,multi_true_2,multi_true,c17640aa3acfcc593af774764aa79bee5dd5468c797734919ad0a27f58003ccf,2,0,"[{kind: position, valid_andes: true, payload: ASP-A03-B05-P01-R, display: ASP-A03-B05-P01-R}, {kind: item, valid_andes: true, payload: ASI-SJGCV6|2, display: ASI-SJGCV6, qty: 2}]",84428,1200,1000
61,107,107_item.jpg,item_single_valid,item,ad1937f1c263ac290e2b05afd22d7e3cc31b075364d6f80a03007f7000d4dc48,1,0,"[{kind: item, valid_andes: true, payload: ASI-G5Y547|2, display: ASI-G5Y547, qty: 2}]",56389,1200,1000
62,247,247_multi_mixed.jpg,multi_mixed_2,multi_mixed,8927b6b823ba66783633f536e239b8b6de89c1c0300e0dcd1d7fbe38eab45549,1,1,"[{kind: item, valid_andes: true, payload: ASI-GYZHTQ|30, display: ASI-GYZHTQ, qty: 30}, {kind: false, valid_andes: false, payload: POSX0007, display: POSX-0007}]",83905,1200,1000
63,17,017_position.jpg,position_single_valid,position,f887c1196841615cd55517c60167d4db4d12a7687145ff3baa6535b4be8e7559,1,0,"[{kind: position, valid_andes: true, payload: ASP-A01-B03-P03-L, display: ASP-A01-B03-P03-L}]",61454,1200,1000
64,108,108_item.jpg,item_single_valid,item,ffdeb6d99652579113466f4b73ab484d1ea3ec0658d0a8d96d88b131fef6d381,1,0,"[{kind: item, valid_andes: true, payload: ASI-GD3XGR|8, display: ASI-GD3XGR, qty: 8}]",57336,1200,1000
65,277,277_multi_false.jpg,multi_false_2,multi_false,79a64d915734627a99a7ed8a3a2cc0e1de53b07e37bfa6ac295979cb5a9780c1,0,2,"[{kind: false, valid_andes: false, payload: POSX0043, display: POSX-0043}, {kind: false, valid_andes: false, payload: FAKE0044, display: FAKE-0044}]",81629,1200,1000
66,18,018_position.jpg,position_single_valid,position,882f64825422bffae3371cf7a6ecc3bf7a69e5e5186cab891968f564a2a6cbbb,1,0,"[{kind: position, valid_andes: true, payload: ASP-A01-B03-P03-R, display: ASP-A01-B03-P03-R}]",62216,1200,1000
67,109,109_item.jpg,item_single_valid,item,6b7660196baeb6d0234563442d0d99b90d36f65cefdfea0ed1d0783954e99671,1,0,"[{kind: item, valid_andes: true, payload: ASI-N6J5MT|36, display: ASI-N6J5MT, qty: 36}]",57686,1200,1000
68,110,110_item.jpg,item_single_valid,item,fd8522c74158d62b6c88b39d10d1787a910edf3534e167d81fe0eaec347d9180,1,0,"[{kind: item, valid_andes: true, payload: ASI-RE6GDA|3, display: ASI-RE6GDA, qty: 3}]",57875,1200,1000
69,217,217_multi_true.jpg,multi_true_2,multi_true,541401254bdf852475236cad0163a0c10fa771d6c6da26affca69ff55608bf84,2,0,"[{kind: position, valid_andes: true, payload: ASP-A03-B05-P02-L, display: ASP-A03-B05-P02-L}, {kind: item, valid_andes: true, payload: ASI-ZJFUW4|6, display: ASI-ZJFUW4, qty: 6}]",83850,1200,1000
70,19,019_position.jpg,position_single_valid,position,6e9e30a5321646fdb326f398e8dfb968d38a5f7a32d4de0d8803fc5345ac1eb7,1,0,"[{kind: position, valid_andes: true, payload: ASP-A01-B04-P01-L, display: ASP-A01-B04-P01-L}]",61992,1200,1000
71,111,111_item.jpg,item_single_valid,item,d159dfb92f8a374d2e3e2ab461e255ec91cd91491263549489e0b4f0e3e064a9,1,0,"[{kind: item, valid_andes: true, payload: ASI-RL498P|24, display: ASI-RL498P, qty: 24}]",57806,1200,1000
72,248,248_multi_mixed.jpg,multi_mixed_2,multi_mixed,08e713cef09cd7c67ba15db012f490e03c6b4ac1e27dff0e5768ed3f919af3d1,1,1,"[{kind: position, valid_andes: true, payload: ASP-A05-B02-P02-L, display: ASP-A05-B02-P02-L}, {kind: false, valid_andes: false, payload: FAKE0008, display: FAKE-0008}]",82886,1200,1000
73,112,112_item.jpg,item_single_valid,item,2ee56aa551a8e36e0f82d546e50a96e4ff36704e63736e8335d3f9c307cd4767,1,0,"[{kind: item, valid_andes: true, payload: ASI-DL2A2S|36, display: ASI-DL2A2S, qty: 36}]",58003,1200,1000
74,20,020_position.jpg,position_single_valid,position,fd40a0954080fb6caa34fc1f58a5b27a0e37fda832e93f9bad69840fade5ce49,1,0,"[{kind: position, valid_andes: true, payload: ASP-A01-B04-P01-R, display: ASP-A01-B04-P01-R}]",60741,1200,1000
75,113,113_item.jpg,item_single_valid,item,08a99937ac4e640c753a2186f365acd5e7f2dc1a507fc72bcb546838b0d1421c,1,0,"[{kind: item, valid_andes: true, payload: ASI-U59KNU|8, display: ASI-U59KNU, qty: 8}]",57556,1200,1000
76,278,278_multi_false.jpg,multi_false_2,multi_false,87bb1f23183334282ced44650414b6e5bef2af8643438cdbcb81b07ee26f38d1,0,2,"[{kind: false, valid_andes: false, payload: X0045, display: X-0045}, {kind: false, valid_andes: false, payload: BAD0046, display: BAD-0046}]",79018,1200,1000
77,21,021_position.jpg,position_single_valid,position,8bc1d65e15b28053e073d40fc45c075850f907070b2cd39115566358c7fc78d7,1,0,"[{kind: position, valid_andes: true, payload: ASP-A01-B04-P02-L, display: ASP-A01-B04-P02-L}]",61676,1200,1000
78,114,114_item.jpg,item_single_valid,item,f4b2e90b38f96c31fd1e9bd020a7ce689e916d47cfaddb38ab4a9ca131b4963c,1,0,"[{kind: item, valid_andes: true, payload: ASI-DDWDD8|48, display: ASI-DDWDD8, qty: 48}]",58004,1200,1000
79,218,218_multi_true.jpg,multi_true_2,multi_true,a07c22dff9d18cea9cf273389735d11c50b456cac6300e1318d33818a1314025,2,0,"[{kind: position, valid_andes: true, payload: ASP-A03-B05-P02-R, display: ASP-A03-B05-P02-R}, {kind: item, valid_andes: true, payload: ASI-NJZTLS|40, display: ASI-NJZTLS, qty: 40}]",82998,1200,1000
80,115,115_item.jpg,item_single_valid,item,127d4d7ecddf30f0e5159879a533313b47432ba7eec0650090743ed8180fa7e5,1,0,"[{kind: item, valid_andes: true, payload: ASI-LDFMEE|10, display: ASI-LDFMEE, qty: 10}]",57972,1200,1000
81,22,022_position.jpg,position_single_valid,position,aad78bfb94380ccd28d8bcd5a4782204cea9b840af416aa8d64e8cd77b0ebdf0,1,0,"[{kind: position, valid_andes: true, payload: ASP-A01-B04-P02-R, display: ASP-A01-B04-P02-R}]",61702,1200,1000
82,116,116_item.jpg,item_single_valid,item,fee406e5af1a20ec74c253b040267a02215fc56b6d533f8beb35d9da922b29a1,1,0,"[{kind: item, valid_andes: true, payload: ASI-3HRCF4|72, display: ASI-3HRCF4, qty: 72}]",58227,1200,1000
83,249,249_multi_mixed.jpg,multi_mixed_2,multi_mixed,c62b9e82758dc69fab3506a431b16c081ef1d0c8d3dbc7806e892c56d4e9ab0d,1,1,"[{kind: item, valid_andes: true, payload: ASI-BTBMTV|18, display: ASI-BTBMTV, qty: 18}, {kind: false, valid_andes: false, payload: X0009, display: X-0009}]",79214,1200,1000
84,23,023_position.jpg,position_single_valid,position,9ecbfca45ca64bc6378bb6beca7289a3926a50fa9792b26db20b5e037d0b3860,1,0,"[{kind: position, valid_andes: true, payload: ASP-A01-B04-P03-L, display: ASP-A01-B04-P03-L}]",61307,1200,1000
85,117,117_item.jpg,item_single_valid,item,4ccf026b5703fa84788b2e2b1a5454ad973d19c889a2ce4f570df10b9981a0c8,1,0,"[{kind: item, valid_andes: true, payload: ASI-WSPWRS|24, display: ASI-WSPWRS, qty: 24}]",58827,1200,1000
86,279,279_multi_false.jpg,multi_false_2,multi_false,cca9d9fecc2665f2585dcaff866fb7c35b6035b130d2729291035a632042ffd9,0,2,"[{kind: false, valid_andes: false, payload: POSX0047, display: POSX-0047}, {kind: false, valid_andes: false, payload: FAKE0048, display: FAKE-0048}]",80161,1200,1000
87,118,118_item.jpg,item_single_valid,item,be098b79afb5c751af7263c1b8ce3d2579b1aec362ad1899c09690c15f9544a3,1,0,"[{kind: item, valid_andes: true, payload: ASI-JV7WEA|36, display: ASI-JV7WEA, qty: 36}]",58383,1200,1000
88,24,024_position.jpg,position_single_valid,position,29cbf0639fab22aac32cc40002b225807b7461d9db113103b75b2577ed5b16a7,1,0,"[{kind: position, valid_andes: true, payload: ASP-A01-B04-P03-R, display: ASP-A01-B04-P03-R}]",61835,1200,1000
89,119,119_item.jpg,item_single_valid,item,c5716d6e83febd82fa83ebf7f9862dfb2bcc54f933a4c2e0021703b8b5d4f1ad,1,0,"[{kind: item, valid_andes: true, payload: ASI-GEPSJY|3, display: ASI-GEPSJY, qty: 3}]",57488,1200,1000
90,219,219_multi_true.jpg,multi_true_2,multi_true,70470875e5b13ead92081975bcfb52a4535f3241725a9445f04f22b4b8d16d00,2,0,"[{kind: position, valid_andes: true, payload: ASP-A03-B05-P03-L, display: ASP-A03-B05-P03-L}, {kind: item, valid_andes: true, payload: ASI-UXH7EK|10, display: ASI-UXH7EK, qty: 10}]",83758,1200,1000
91,120,120_item.jpg,item_single_valid,item,14750dcf733d9dc00342d0237118ad9c986f951167a9589c5f72643599f0f28b,1,0,"[{kind: item, valid_andes: true, payload: ASI-RZUL6V|96, display: ASI-RZUL6V, qty: 96}]",58778,1200,1000
92,250,250_multi_mixed.jpg,multi_mixed_2,multi_mixed,18b13c6e7e921bc7ff37972257f8853e4777696f3947be4da844f3b6bcae040b,1,1,"[{kind: position, valid_andes: true, payload: ASP-A05-B02-P02-R, display: ASP-A05-B02-P02-R}, {kind: false, valid_andes: false, payload: BAD0010, display: BAD-0010}]",83220,1200,1000
93,25,025_position.jpg,position_single_valid,position,58d15006c317cf5eda44eba383241ecdd74de45f8062b596371b1d6ef2535506,1,0,"[{kind: position, valid_andes: true, payload: ASP-A01-B05-P01-L, display: ASP-A01-B05-P01-L}]",61624,1200,1000
94,121,121_item.jpg,item_single_valid,item,4f2067c107fe28c8e2f068d22be9171b3fc04c862bf6ab9e810b001b265536d8,1,0,"[{kind: item, valid_andes: true, payload: ASI-AVGJSH|4, display: ASI-AVGJSH, qty: 4}]",57128,1200,1000
95,280,280_multi_false.jpg,multi_false_2,multi_false,a77103fc555cb6f21a9576d10562a862496ce6b9b5888f08d2142a25259bc54e,0,2,"[{kind: false, valid_andes: false, payload: X0049, display: X-0049}, {kind: false, valid_andes: false, payload: BAD0050, display: BAD-0050}]",76803,1200,1000
96,26,026_position.jpg,position_single_valid,position,a48a67f77b78d5abb0b423ae0f5fec9f1d99d7b8300927bd4da0afeb91605cda,1,0,"[{kind: position, valid_andes: true, payload: ASP-A01-B05-P01-R, display: ASP-A01-B05-P01-R}]",61853,1200,1000
97,122,122_item.jpg,item_single_valid,item,fd568b61423ed7d8ce2238c90a594919f577ea9bb61b96df55c4cd03ba834fe1,1,0,"[{kind: item, valid_andes: true, payload: ASI-KTUPXP|12, display: ASI-KTUPXP, qty: 12}]",58370,1200,1000
98,123,123_item.jpg,item_single_valid,item,a12e1ce91ef2d92a441f9f0585d24443b14a6d14a43b91d9e04030548ad2d905,1,0,"[{kind: item, valid_andes: true, payload: ASI-9SDF5T|2, display: ASI-9SDF5T, qty: 2}]",56686,1200,1000
99,220,220_multi_true.jpg,multi_true_2,multi_true,ccb31a07b9916211c47080f5e70f9a7a17f01eff07958ffe675b9d5947e4586a,2,0,"[{kind: position, valid_andes: true, payload: ASP-A03-B05-P03-R, display: ASP-A03-B05-P03-R}, {kind: item, valid_andes: true, payload: ASI-3ZF3AS|60, display: ASI-3ZF3AS, qty: 60}]",82745,1200,1000
100,27,027_position.jpg,position_single_valid,position,2fea5895ebcb0f04ea59b5920b26a8515051f69d26e90637c0f3eddfb35102fb,1,0,"[{kind: position, valid_andes: true, payload: ASP-A01-B05-P02-L, display: ASP-A01-B05-P02-L}]",61584,1200,1000
101,124,124_item.jpg,item_single_valid,item,da38e61734e7fed77f3b04baa84ca0dc83760de7baa0282784ee34bfb69a9ad6,1,0,"[{kind: item, valid_andes: true, payload: ASI-AXJSL6|60, display: ASI-AXJSL6, qty: 60}]",57777,1200,1000
102,251,251_multi_mixed.jpg,multi_mixed_2,multi_mixed,ec5ef13b7d45d9bd9db355d7bc402bb142fad20e16e11cc29417c57ed3413ee9,1,1,"[{kind: item, valid_andes: true, payload: ASI-YAMK3E|5, display: ASI-YAMK3E, qty: 5}, {kind: false, valid_andes: false, payload: POSX0011, display: POSX-0011}]",82708,1200,1000
103,125,125_item.jpg,item_single_valid,item,d9a780dd4f0ef14ad5832e3c53c7314b25e6459774443e05572ed0119a352fb6,1,0,"[{kind: item, valid_andes: true, payload: ASI-5AHEKC|20, display: ASI-5AHEKC, qty: 20}]",57784,1200,1000
104,28,028_position.jpg,position_single_valid,position,077fc2a594af01d1ec7a69653df520f8eecaf5a8af8aca7e120f8c945a601ae0,1,0,"[{kind: position, valid_andes: true, payload: ASP-A01-B05-P02-R, display: ASP-A01-B05-P02-R}]",61973,1200,1000
105,126,126_item.jpg,item_single_valid,item,fc3911bbbd9d0ea30b9a1fc5dc63843faec247c77ae16c54b8e1dfb0bc415aa8,1,0,"[{kind: item, valid_andes: true, payload: ASI-K5JCVZ|2, display: ASI-K5JCVZ, qty: 2}]",57601,1200,1000
106,281,281_multi_false.jpg,multi_false_2,multi_false,2e42de2dc99ee81a94ac0df196a5394cf06af013da3a63d5c2c21a10ceaf630e,0,2,"[{kind: false, valid_andes: false, payload: POSX0051, display: POSX-0051}, {kind: false, valid_andes: false, payload: FAKE0052, display: FAKE-0052}]",82407,1200,1000
107,29,029_position.jpg,position_single_valid,position,b15ee3398325801353b6d5b9cd683ad966e7863cf6d6a28919f4d003f9fdcda7,1,0,"[{kind: position, valid_andes: true, payload: ASP-A01-B05-P03-L, display: ASP-A01-B05-P03-L}]",61733,1200,1000
108,127,127_item.jpg,item_single_valid,item,b2f69cd2f3f2083f44391f84507f4b975af20f1a709277eb8196c78864a18519,1,0,"[{kind: item, valid_andes: true, payload: ASI-YPRGY4|96, display: ASI-YPRGY4, qty: 96}]",57132,1200,1000
109,221,221_multi_true.jpg,multi_true_2,multi_true,b23dc883e5e85c883d3fae98d9e0cf314032ec801e90a810d05ce0185eb7fbed,2,0,"[{kind: position, valid_andes: true, payload: ASP-A04-B01-P01-L, display: ASP-A04-B01-P01-L}, {kind: item, valid_andes: true, payload: ASI-H7ZS2Z|4, display: ASI-H7ZS2Z, qty: 4}]",82390,1200,1000
110,128,128_item.jpg,item_single_valid,item,642fd507d7d385e2e0fd1dc330a0efb721c43f3a6b32703c0a9a0f7243df608e,1,0,"[{kind: item, valid_andes: true, payload: ASI-KRLM4B|6, display: ASI-KRLM4B, qty: 6}]",56542,1200,1000
111,30,030_position.jpg,position_single_valid,position,482e9e4b6fd6456dce23808a55ab8fd843155f702251dceb5b288af4179cd6e1,1,0,"[{kind: position, valid_andes: true, payload: ASP-A01-B05-P03-R, display: ASP-A01-B05-P03-R}]",61930,1200,1000
112,129,129_item.jpg,item_single_valid,item,6e71cf1e9d64653b6e548d76a74bb91e3782c51d6ddc0168a624317ec7203024,1,0,"[{kind: item, valid_andes: true, payload: ASI-X4RTLG|24, display: ASI-X4RTLG, qty: 24}]",57709,1200,1000
113,252,252_multi_mixed.jpg,multi_mixed_2,multi_mixed,ecae19a0f9f5a362edfd5b0b5c83d6f684a901266b59d258f2ac8d31ef501415,1,1,"[{kind: position, valid_andes: true, payload: ASP-A05-B02-P03-L, display: ASP-A05-B02-P03-L}, {kind: false, valid_andes: false, payload: FAKE0012, display: FAKE-0012}]",84688,1200,1000
114,31,031_position.jpg,position_single_valid,position,cebf82d0e9038645ac132738f96f7a609d32993fc823cd9fb5f13c72c3858c78,1,0,"[{kind: position, valid_andes: true, payload: ASP-A02-B01-P01-L, display: ASP-A02-B01-P01-L}]",61633,1200,1000
115,130,130_item.jpg,item_single_valid,item,f766b85a16fa3038e9007c4ab565a3540dcb13b4c10ced714e8d003c0a401396,1,0,"[{kind: item, valid_andes: true, payload: ASI-C8QN7Y|15, display: ASI-C8QN7Y, qty: 15}]",57486,1200,1000
116,282,282_multi_false.jpg,multi_false_2,multi_false,a894f3bcb8f35c0c205010b055cc5d3453d19c1e8608950e1784858ca73c0e88,0,2,"[{kind: false, valid_andes: false, payload: X0053, display: X-0053}, {kind: false, valid_andes: false, payload: BAD0054, display: BAD-0054}]",77541,1200,1000
117,131,131_item.jpg,item_single_valid,item,56bdd39c923768d8c2862d2a2f5d7d740825391c52e6e08e5b7264b1cca74aa9,1,0,"[{kind: item, valid_andes: true, payload: ASI-QQBN3X|12, display: ASI-QQBN3X, qty: 12}]",57137,1200,1000
118,32,032_position.jpg,position_single_valid,position,fc4eb4bacca265818d5404bbcde06a839f743fa8afd7b7e658f87f31e7cc58e5,1,0,"[{kind: position, valid_andes: true, payload: ASP-A02-B01-P01-R, display: ASP-A02-B01-P01-R}]",62765,1200,1000
119,132,132_item.jpg,item_single_valid,item,17112d8b7c721a2d30ec2c02af819e987c9c22b68e5d90b079ce50f391dbd4d4,1,0,"[{kind: item, valid_andes: true, payload: ASI-ETY3XB|4, display: ASI-ETY3XB, qty: 4}]",58143,1200,1000
120,222,222_multi_true.jpg,multi_true_2,multi_true,3d0e2a50984aba3436865cab9a2a863c642ffdaadd36a31211cca8482f2f1760,2,0,"[{kind: position, valid_andes: true, payload: ASP-A04-B01-P01-R, display: ASP-A04-B01-P01-R}, {kind: item, valid_andes: true, payload: ASI-Q8BWQE|36, display: ASI-Q8BWQE, qty: 36}]",84227,1200,1000
121,133,133_item.jpg,item_single_valid,item,b1966532681489e665d13918920a3b2c0c9e9395d48297329f52c911aa113ce5,1,0,"[{kind: item, valid_andes: true, payload: ASI-SMSCG5|20, display: ASI-SMSCG5, qty: 20}]",58198,1200,1000
122,253,253_multi_mixed.jpg,multi_mixed_2,multi_mixed,f9f6e368fb5b8446c689313dd7f00d1b1a6b51cd723367088386d9f8d5ddbb1b,1,1,"[{kind: item, valid_andes: true, payload: ASI-BFP247|18, display: ASI-BFP247, qty: 18}, {kind: false, valid_andes: false, payload: X0013, display: X-0013}]",77926,1200,1000
123,33,033_position.jpg,position_single_valid,position,d077bc118feb9c247ba6e097c2b31b3101592b2cac5783982105f8f66655543b,1,0,"[{kind: position, valid_andes: true, payload: ASP-A02-B01-P02-L, display: ASP-A02-B01-P02-L}]",63473,1200,1000
124,134,134_item.jpg,item_single_valid,item,7739c6d27634bd67828914f7cd57ffc24adc4f230f2698e4208291c7c660f10f,1,0,"[{kind: item, valid_andes: true, payload: ASI-W5H2NS|2, display: ASI-W5H2NS, qty: 2}]",58192,1200,1000
125,283,283_multi_false.jpg,multi_false_2,multi_false,2f9c23a5dee87e51f9b2fe5a6c9f74709cbcbc07c190b782f5298e7264896ade,0,2,"[{kind: false, valid_andes: false, payload: POSX0055, display: POSX-0055}, {kind: false, valid_andes: false, payload: FAKE0056, display: FAKE-0056}]",82417,1200,1000
126,34,034_position.jpg,position_single_valid,position,1e71ea2f9088b2d1778a30ad7e98f5721fac8ad25a47107c854e400e7e8a3414,1,0,"[{kind: position, valid_andes: true, payload: ASP-A02-B01-P02-R, display: ASP-A02-B01-P02-R}]",61256,1200,1000
127,135,135_item.jpg,item_single_valid,item,245c5d29e7c7d3f1aef3068436edd82de79dc90e5da8691fc7cd71329307746d,1,0,"[{kind: item, valid_andes: true, payload: ASI-5ANZ5E|18, display: ASI-5ANZ5E, qty: 18}]",57373,1200,1000
128,136,136_item.jpg,item_single_valid,item,6214db13a3b5b300492a1f5ef1da33aceaba0fc0cdfaf6d9d7ba071db3bc0164,1,0,"[{kind: item, valid_andes: true, payload: ASI-WHVV4W|24, display: ASI-WHVV4W, qty: 24}]",57598,1200,1000
129,223,223_multi_true.jpg,multi_true_2,multi_true,5fbdfe038f9fe6c66c21ea24b450ba4ca41ab31df7fde79b8fc4a975922806ea,2,0,"[{kind: position, valid_andes: true, payload: ASP-A04-B01-P02-L, display: ASP-A04-B01-P02-L}, {kind: item, valid_andes: true, payload: ASI-V4HJCC|15, display: ASI-V4HJCC, qty: 15}]",83425,1200,1000
130,35,035_position.jpg,position_single_valid,position,c3bd7d369aabcd7b0e1eb29f148e73d7570d7e9c14b493522acd514d92996fda,1,0,"[{kind: position, valid_andes: true, payload: ASP-A02-B01-P03-L, display: ASP-A02-B01-P03-L}]",60123,1200,1000
131,137,137_item.jpg,item_single_valid,item,b904042796ae7d4ea5cdc95aa6d4193cad5c1f99e2180125ae3ae50494470c16,1,0,"[{kind: item, valid_andes: true, payload: ASI-UJN42M|96, display: ASI-UJN42M, qty: 96}]",57577,1200,1000
132,254,254_multi_mixed.jpg,multi_mixed_2,multi_mixed,e1383cd62667287fc628f3f6976cbfce7f5f2f1098de03336c14e0b742dd63d4,1,1,"[{kind: position, valid_andes: true, payload: ASP-A05-B02-P03-R, display: ASP-A05-B02-P03-R}, {kind: false, valid_andes: false, payload: BAD0014, display: BAD-0014}]",82983,1200,1000
133,138,138_item.jpg,item_single_valid,item,fcb96a04c377ee77e5c3bfcff887460b1c83f3ee28789c4df8212fa74263529f,1,0,"[{kind: item, valid_andes: true, payload: ASI-V3AVUP|30, display: ASI-V3AVUP, qty: 30}]",58037,1200,1000
134,36,036_position.jpg,position_single_valid,position,66995b4dea519070a5dd286dbff97d27315308121c8dd8c5abb89c9caa44b84f,1,0,"[{kind: position, valid_andes: true, payload: ASP-A02-B01-P03-R, display: ASP-A02-B01-P03-R}]",60499,1200,1000
135,139,139_item.jpg,item_single_valid,item,46f30e23f70ca9b09d7975cae37aa6d9551b071df09258a19625c87c0b27224b,1,0,"[{kind: item, valid_andes: true, payload: ASI-W766P8|6, display: ASI-W766P8, qty: 6}]",57308,1200,1000
136,284,284_multi_false.jpg,multi_false_2,multi_false,2902c9195e6db730bb987a17a61059fa7a156f721e1eb4f193b2c5e9d2fdb7bb,0,2,"[{kind: false, valid_andes: false, payload: X0057, display: X-0057}, {kind: false, valid_andes: false, payload: BAD0058, display: BAD-0058}]",79480,1200,1000
137,37,037_position.jpg,position_single_valid,position,908cc03870a223831e7ce37caa891fe35b82be18594fefaddb09d8ff3823c7fb,1,0,"[{kind: position, valid_andes: true, payload: ASP-A02-B02-P01-L, display: ASP-A02-B02-P01-L}]",62406,1200,1000
138,140,140_item.jpg,item_single_valid,item,a7dbb552d1f780d3b9408826b17c8582e2fe6b26cf1f645451ad4654e83c1c88,1,0,"[{kind: item, valid_andes: true, payload: ASI-FUXFRV|10, display: ASI-FUXFRV, qty: 10}]",57925,1200,1000
139,224,224_multi_true.jpg,multi_true_2,multi_true,901321c5761222621661084b8af49aa0c10df3f80a70ab56c8ca4dfbd11038e3,2,0,"[{kind: position, valid_andes: true, payload: ASP-A04-B01-P02-R, display: ASP-A04-B01-P02-R}, {kind: item, valid_andes: true, payload: ASI-9HGRJ2|36, display: ASI-9HGRJ2, qty: 36}]",83795,1200,1000
140,141,141_item.jpg,item_single_valid,item,bbe2960347064adce56942730240859dbb3e153e3e234e61e2afde1aabe303c9,1,0,"[{kind: item, valid_andes: true, payload: ASI-NKBCR8|96, display: ASI-NKBCR8, qty: 96}]",57993,1200,1000
141,38,038_position.jpg,position_single_valid,position,4af0419833c20944f0c09a396929e4c8bf8169128111cc82bc80eabc1735ce32,1,0,"[{kind: position, valid_andes: true, payload: ASP-A02-B02-P01-R, display: ASP-A02-B02-P01-R}]",60696,1200,1000
142,142,142_item.jpg,item_single_valid,item,632a8663dc17670e699b0e0cdec905d94f3c62abce0ae0db319523d9eb3c4ab9,1,0,"[{kind: item, valid_andes: true, payload: ASI-E74N29|24, display: ASI-E74N29, qty: 24}]",57686,1200,1000
143,255,255_multi_mixed.jpg,multi_mixed_2,multi_mixed,cebffc4ed9055f1f98028a9df0288aec9aad9075ed753ed381590b331e335357,1,1,"[{kind: item, valid_andes: true, payload: ASI-LZVWFD|5, display: ASI-LZVWFD, qty: 5}, {kind: false, valid_andes: false, payload: POSX0015, display: POSX-0015}]",81278,1200,1000
144,39,039_position.jpg,position_single_valid,position,f2c89081734aba129bcaf04922552da2e28b57791be30f4efdfade7f6fd97dde,1,0,"[{kind: position, valid_andes: true, payload: ASP-A02-B02-P02-L, display: ASP-A02-B02-P02-L}]",60296,1200,1000
145,143,143_item.jpg,item_single_valid,item,475354e3482c32775394f160201c634078f010953ba3c08822938468bd2ed086,1,0,"[{kind: item, valid_andes: true, payload: ASI-RKAG5Q|6, display: ASI-RKAG5Q, qty: 6}]",59065,1200,1000
146,285,285_multi_false.jpg,multi_false_2,multi_false,5297e0ee235d66822aa4e46a038f963bef5c4ac25e8577edd6bd13c649c89464,0,2,"[{kind: false, valid_andes: false, payload: POSX0059, display: POSX-0059}, {kind: false, valid_andes: false, payload: FAKE0060, display: FAKE-0060}]",82621,1200,1000
147,144,144_item.jpg,item_single_valid,item,d114589e9587182e58adb9f3b4d4bccfcfed60bb3340914a51dbc0ede6986247,1,0,"[{kind: item, valid_andes: true, payload: ASI-7DRH7J|36, display: ASI-7DRH7J, qty: 36}]",57881,1200,1000
148,40,040_position.jpg,position_single_valid,position,bf71c4b445215549fd0ac6b5b599bba10192e3a11023692f3b517d1bb51d5f4b,1,0,"[{kind: position, valid_andes: true, payload: ASP-A02-B02-P02-R, display: ASP-A02-B02-P02-R}]",61058,1200,1000
149,145,145_item.jpg,item_single_valid,item,bff519c4d7d54991f8d83a314b8129b82d271773ea9bf705db2ac06c75426193,1,0,"[{kind: item, valid_andes: true, payload: ASI-W656L8|36, display: ASI-W656L8, qty: 36}]",57854,1200,1000
150,225,225_multi_true.jpg,multi_true_2,multi_true,65500ff16434007dff296a73b77bcf3d501fa459a841e530ea115e1804634273,2,0,"[{kind: position, valid_andes: true, payload: ASP-A04-B01-P03-L, display: ASP-A04-B01-P03-L}, {kind: item, valid_andes: true, payload: ASI-Z4K4G9|96, display: ASI-Z4K4G9, qty: 96}]",84409,1200,1000
151,146,146_item.jpg,item_single_valid,item,794c66585ca5db3eedff68bc43dd14f92275989e1ce3c8d51be6e8ebb4912e5c,1,0,"[{kind: item, valid_andes: true, payload: ASI-SRT9RT|36, display: ASI-SRT9RT, qty: 36}]",57027,1200,1000
152,256,256_multi_mixed.jpg,multi_mixed_3,multi_mixed,656b5eed91c11c255160baec84598ad86187e49f58b359d8a5e4f71e63f673f6,2,1,"[{kind: position, valid_andes: true, payload: ASP-A05-B03-P01-L, display: ASP-A05-B03-P01-L}, {kind: item, valid_andes: true, payload: ASI-LDFT65|40, display: ASI-LDFT65, qty: 40}, {kind: false, valid_andes: false, payload: FAKE0016, display: FAKE-0016}]",106583,1200,1000
153,41,041_position.jpg,position_single_valid,position,d176afffa5486a57f2603b2328b4c2fda33a4b0b0f23189def6edca4b974ed57,1,0,"[{kind: position, valid_andes: true, payload: ASP-A02-B02-P03-L, display: ASP-A02-B02-P03-L}]",62013,1200,1000
154,147,147_item.jpg,item_single_valid,item,e5b308802e45f3b07977104477ddfbca81e885e95b57b3c4c0a851896e715c9b,1,0,"[{kind: item, valid_andes: true, payload: ASI-EURTXW|60, display: ASI-EURTXW, qty: 60}]",57981,1200,1000
155,286,286_multi_false.jpg,multi_false_3,multi_false,f3a330a260e6212b53df91936f4f58165517b92022a43a23576384743a857390,0,3,"[{kind: false, valid_andes: false, payload: X0061, display: X-0061}, {kind: false, valid_andes: false, payload: BAD0062, display: BAD-0062}, {kind: false, valid_andes: false, payload: POSX0063, display: POSX-0063}]",106200,1200,1000
156,42,042_position.jpg,position_single_valid,position,6a6b50d9b4eb8e342fd08e7ea5b21604f08c0a174338ba93545f106f7ab6f376,1,0,"[{kind: position, valid_andes: true, payload: ASP-A02-B02-P03-R, display: ASP-A02-B02-P03-R}]",62569,1200,1000
157,148,148_item.jpg,item_single_valid,item,683b507ab7affa0410b3738ce236a77f136fd6592b5ca88cfc15c7e93cb35573,1,0,"[{kind: item, valid_andes: true, payload: ASI-FJKQ2K|8, display: ASI-FJKQ2K, qty: 8}]",57004,1200,1000
158,149,149_item.jpg,item_single_valid,item,3c97df7688ea3968cda4251676bd09da4bebe5b5d3f4221c872a4306236badcc,1,0,"[{kind: item, valid_andes: true, payload: ASI-E44X74|2, display: ASI-E44X74, qty: 2}]",57967,1200,1000
159,226,226_multi_true.jpg,multi_true_3,multi_true,456bfa598b562545acd60a171548508f7abf1a6082db46750a654ee0e7c6a8bd,3,0,"[{kind: position, valid_andes: true, payload: ASP-A04-B01-P03-R, display: ASP-A04-B01-P03-R}, {kind: item, valid_andes: true, payload: ASI-4TCZP6|36, display: ASI-4TCZP6, qty: 36}, {kind: position, valid_andes: true, payload: ASP-A04-B02-P01-L, display: ASP-A04-B02-P01-L}]",110744,1200,1000
160,43,043_position.jpg,position_single_valid,position,45d0629e164e3ab2f26f1fdca22bcc2c95f0fb2a5eff5c6c093ba7fe39fcad89,1,0,"[{kind: position, valid_andes: true, payload: ASP-A02-B03-P01-L, display: ASP-A02-B03-P01-L}]",60221,1200,1000
161,150,150_item.jpg,item_single_valid,item,ba4cafc5679b948ae41004df082fc22cdfc31be03e3d38418add713af1e8b32f,1,0,"[{kind: item, valid_andes: true, payload: ASI-P42B28|1, display: ASI-P42B28, qty: 1}]",56863,1200,1000
162,257,257_multi_mixed.jpg,multi_mixed_3,multi_mixed,605724fcbe3d4b2d355925346e7252f5485394502a1aea94c480cbf384a6987e,2,1,"[{kind: item, valid_andes: true, payload: ASI-64TPHY|30, display: ASI-64TPHY, qty: 30}, {kind: item, valid_andes: true, payload: ASI-HU9VCQ|24, display: ASI-HU9VCQ, qty: 24}, {kind: false, valid_andes: false, payload: X0017, display: X-0017}]",102675,1200,1000
163,151,151_item.jpg,item_single_valid,item,b34269a06e9183933da0bdea7840cf0835facc73e46246c6b6a53ef22f851564,1,0,"[{kind: item, valid_andes: true, payload: ASI-YV24Q9|10, display: ASI-YV24Q9, qty: 10}]",57482,1200,1000
164,44,044_position.jpg,position_single_valid,position,7e9deb7fcacd4229670bf2f861652f23f55ee3e42f3040ca5e9dd6e70cf1a10f,1,0,"[{kind: position, valid_andes: true, payload: ASP-A02-B03-P01-R, display: ASP-A02-B03-P01-R}]",61240,1200,1000
165,152,152_item.jpg,item_single_valid,item,e71dd0b96c054aa517e3ae66a957989af0e95e8f08350140ac135f2608312571,1,0,"[{kind: item, valid_andes: true, payload: ASI-T59B2X|24, display: ASI-T59B2X, qty: 24}]",57590,1200,1000
166,287,287_multi_false.jpg,multi_false_3,multi_false,5f6b3fb4171977203ba1b49cabf7921b6640d3be55b2b741f14e0c90d513a37a,0,3,"[{kind: false, valid_andes: false, payload: FAKE0064, display: FAKE-0064}, {kind: false, valid_andes: false, payload: X0065, display: X-0065}, {kind: false, valid_andes: false, payload: BAD0066, display: BAD-0066}]",103387,1200,1000
167,45,045_position.jpg,position_single_valid,position,a89fc3671190d16c8447c04944b3c64057717bfd1853b3ab976b8cdad0269c30,1,0,"[{kind: position, valid_andes: true, payload: ASP-A02-B03-P02-L, display: ASP-A02-B03-P02-L}]",60906,1200,1000
168,153,153_item.jpg,item_single_valid,item,022031073c803843f082e85aecb21ab8ef9e785ac78d2ae21083b8a658468b50,1,0,"[{kind: item, valid_andes: true, payload: ASI-L7JB3B|3, display: ASI-L7JB3B, qty: 3}]",56943,1200,1000
169,227,227_multi_true.jpg,multi_true_3,multi_true,eeb1bed6996d13537872a92c85ed167fcfa8319d70b1b9d29e3b3654061db3f6,3,0,"[{kind: position, valid_andes: true, payload: ASP-A04-B02-P01-R, display: ASP-A04-B02-P01-R}, {kind: item, valid_andes: true, payload: ASI-RZGZYD|24, display: ASI-RZGZYD, qty: 24}, {kind: position, valid_andes: true, payload: ASP-A04-B02-P02-L, display: ASP-A04-B02-P02-L}]",112183,1200,1000
170,154,154_item.jpg,item_single_valid,item,496f46ee9421dc7c3455734565a095ec00b2da4488b2704fb57d1aa8514c2660,1,0,"[{kind: item, valid_andes: true, payload: ASI-5J7MDS|24, display: ASI-5J7MDS, qty: 24}]",57784,1200,1000
171,46,046_position.jpg,position_single_valid,position,d58516390e48d6948e8abab3c4a9a9f5e070acc1ae832e225ab94b93f02ab3d4,1,0,"[{kind: position, valid_andes: true, payload: ASP-A02-B03-P02-R, display: ASP-A02-B03-P02-R}]",61296,1200,1000
172,155,155_item.jpg,item_single_valid,item,4102f83f6a3cd12b680a60df52dabef95d3d2b052138be2ae4fe406513eb0601,1,0,"[{kind: item, valid_andes: true, payload: ASI-WP7WX2|12, display: ASI-WP7WX2, qty: 12}]",58016,1200,1000
173,258,258_multi_mixed.jpg,multi_mixed_3,multi_mixed,b7bddb90f04e92da453b9fda1b074de7f6b8167352c3813b7d139ccc8b27f6b8,2,1,"[{kind: position, valid_andes: true, payload: ASP-A05-B03-P01-R, display: ASP-A05-B03-P01-R}, {kind: item, valid_andes: true, payload: ASI-DAPVPJ|12, display: ASI-DAPVPJ, qty: 12}, {kind: false, valid_andes: false, payload: BAD0018, display: BAD-0018}]",107491,1200,1000
174,47,047_position.jpg,position_single_valid,position,d5ab633748f7a9f0d3deb47e5b881c221d448276d2669eb8189e11cbadcd623e,1,0,"[{kind: position, valid_andes: true, payload: ASP-A02-B03-P03-L, display: ASP-A02-B03-P03-L}]",60430,1200,1000
175,156,156_item.jpg,item_single_valid,item,4323bcf52f5f4a95695b88ee7b66ed86a433a2c8cba2e0723819399bf7fff2c0,1,0,"[{kind: item, valid_andes: true, payload: ASI-4SF8BD|20, display: ASI-4SF8BD, qty: 20}]",57874,1200,1000
176,288,288_multi_false.jpg,multi_false_3,multi_false,63f05a46365f3f87fe162738dfb76a22671d0c2ca11b28c2ac03c437481c18de,0,3,"[{kind: false, valid_andes: false, payload: POSX0067, display: POSX-0067}, {kind: false, valid_andes: false, payload: FAKE0068, display: FAKE-0068}, {kind: false, valid_andes: false, payload: X0069, display: X-0069}]",105202,1200,1000
177,157,157_item.jpg,item_single_valid,item,b6cff6ee5bcedcc4286441117d81347f9ee2ca4fb00cb71e538afcfac8ae12f1,1,0,"[{kind: item, valid_andes: true, payload: ASI-QECBRN|1, display: ASI-QECBRN, qty: 1}]",57336,1200,1000
178,48,048_position.jpg,position_single_valid,position,0404242b108d466fc6e98407c70b42a66e2e8184e9bf81a1506b181c313dfc95,1,0,"[{kind: position, valid_andes: true, payload: ASP-A02-B03-P03-R, display: ASP-A02-B03-P03-R}]",61241,1200,1000
179,158,158_item.jpg,item_single_valid,item,55a772dbbb0c3b0c644924046bd08a07d6bbd8b94a82552614daaea2eeea97a5,1,0,"[{kind: item, valid_andes: true, payload: ASI-KRJ8HP|36, display: ASI-KRJ8HP, qty: 36}]",56919,1200,1000
180,228,228_multi_true.jpg,multi_true_3,multi_true,27df4352bb3a85b5e66b46c4c150970dd43535cbd8773fd42e827c47e88e93a9,3,0,"[{kind: position, valid_andes: true, payload: ASP-A04-B02-P02-R, display: ASP-A04-B02-P02-R}, {kind: item, valid_andes: true, payload: ASI-TNH7FP|96, display: ASI-TNH7FP, qty: 96}, {kind: position, valid_andes: true, payload: ASP-A04-B02-P03-L, display: ASP-A04-B02-P03-L}]",111436,1200,1000
181,159,159_item.jpg,item_single_valid,item,8bc06f18fc130e197362bd06cdb563a1de1dfe72b392bfcaa8470092dc4b0360,1,0,"[{kind: item, valid_andes: true, payload: ASI-SZLHLV|4, display: ASI-SZLHLV, qty: 4}]",56601,1200,1000
182,259,259_multi_mixed.jpg,multi_mixed_3,multi_mixed,4f7107c85d2ca70f54340af0782938e122ae093a385a96a6cd2e4c57541676c5,2,1,"[{kind: item, valid_andes: true, payload: ASI-UWHA95|6, display: ASI-UWHA95, qty: 6}, {kind: item, valid_andes: true, payload: ASI-J2QYE3|2, display: ASI-J2QYE3, qty: 2}, {kind: false, valid_andes: false, payload: POSX0019, display: POSX-0019}]",106456,1200,1000
183,49,049_position.jpg,position_single_valid,position,de275443611234332b2a0a37f4561aabba360c0a1c2e77ce1027e0564883a982,1,0,"[{kind: position, valid_andes: true, payload: ASP-A02-B04-P01-L, display: ASP-A02-B04-P01-L}]",61302,1200,1000
184,160,160_item.jpg,item_single_valid,item,579b8b1493c15c4ac4b5a97394e6daab765b4142d3167ff73d2b9fc8185b9789,1,0,"[{kind: item, valid_andes: true, payload: ASI-BV23NE|72, display: ASI-BV23NE, qty: 72}]",58214,1200,1000
185,289,289_multi_false.jpg,multi_false_3,multi_false,c2ae0380e429b32f61af60971e5719b79c218872f46dbc0ef95c58fb7f5902f2,0,3,"[{kind: false, valid_andes: false, payload: BAD0070, display: BAD-0070}, {kind: false, valid_andes: false, payload: POSX0071, display: POSX-0071}, {kind: false, valid_andes: false, payload: FAKE0072, display: FAKE-0072}]",105433,1200,1000
186,50,050_position.jpg,position_single_valid,position,7b306ddfaf0a24aca570957241a1df53b017b5d4f0eed84dbe686ef57060a11f,1,0,"[{kind: position, valid_andes: true, payload: ASP-A02-B04-P01-R, display: ASP-A02-B04-P01-R}]",62393,1200,1000
187,161,161_item.jpg,item_single_valid,item,87c79328f4d23fddbc8190a624a87427465bf6efa1dcc28326c0ce505458aad7,1,0,"[{kind: item, valid_andes: true, payload: ASI-RGVHCY|60, display: ASI-RGVHCY, qty: 60}]",58018,1200,1000
188,162,162_item.jpg,item_single_valid,item,a24240e9a40396c31b66c45f752898689490da6af8302177d66a36549a7379e0,1,0,"[{kind: item, valid_andes: true, payload: ASI-5ZEXA4|40, display: ASI-5ZEXA4, qty: 40}]",57955,1200,1000
189,229,229_multi_true.jpg,multi_true_3,multi_true,6ae08af09001c24b61baec217723a569e0a32d590a763a3c07442d25505410a3,3,0,"[{kind: position, valid_andes: true, payload: ASP-A04-B02-P03-R, display: ASP-A04-B02-P03-R}, {kind: item, valid_andes: true, payload: ASI-BDXRJP|3, display: ASI-BDXRJP, qty: 3}, {kind: position, valid_andes: true, payload: ASP-A04-B03-P01-L, display: ASP-A04-B03-P01-L}]",110217,1200,1000
190,51,051_position.jpg,position_single_valid,position,a8d440e272fa0f646c9ea87ea7171ae07e2cdc0dc001988e25d7725ed3ebf34a,1,0,"[{kind: position, valid_andes: true, payload: ASP-A02-B04-P02-L, display: ASP-A02-B04-P02-L}]",61095,1200,1000
191,163,163_item.jpg,item_single_valid,item,8d5298d1ffe72426da9928a07b357dae35a6e3fedfbf22c0ab554cc1be013c81,1,0,"[{kind: item, valid_andes: true, payload: ASI-G5Z7K5|6, display: ASI-G5Z7K5, qty: 6}]",56864,1200,1000
192,260,260_multi_mixed.jpg,multi_mixed_3,multi_mixed,0b23897d3ad39556c76d3c1164239cce76455de0af29a4d6d977fcc41f94490a,2,1,"[{kind: position, valid_andes: true, payload: ASP-A05-B03-P02-L, display: ASP-A05-B03-P02-L}, {kind: item, valid_andes: true, payload: ASI-5B7EW5|72, display: ASI-5B7EW5, qty: 72}, {kind: false, valid_andes: false, payload: FAKE0020, display: FAKE-0020}]",107257,1200,1000
193,164,164_item.jpg,item_single_valid,item,7752a7b92935a5228c6600d40736be989a750c9ea5f1f84c93d4f58f0aa5f6eb,1,0,"[{kind: item, valid_andes: true, payload: ASI-T875TW|10, display: ASI-T875TW, qty: 10}]",57202,1200,1000
194,52,052_position.jpg,position_single_valid,position,1313f71a8f03b08e122f9523dd0cffb60635f80c6a8912eacc099086e2fc3088,1,0,"[{kind: position, valid_andes: true, payload: ASP-A02-B04-P02-R, display: ASP-A02-B04-P02-R}]",60925,1200,1000
195,165,165_item.jpg,item_single_valid,item,17a2e8680759ee0ce58462a075b4768436f9d2235c8b93d7a60806c26f83590a,1,0,"[{kind: item, valid_andes: true, payload: ASI-FT6R72|18, display: ASI-FT6R72, qty: 18}]",57458,1200,1000
196,290,290_multi_false.jpg,multi_false_3,multi_false,aaeff4c56827f43be761cd0bbff62604874c250d72365336bce88666936c4fbf,0,3,"[{kind: false, valid_andes: false, payload: X0073, display: X-0073}, {kind: false, valid_andes: false, payload: BAD0074, display: BAD-0074}, {kind: false, valid_andes: false, payload: POSX0075, display: POSX-0075}]",103333,1200,1000
197,53,053_position.jpg,position_single_valid,position,a22e3e60ce7aeec5dedce20227e02fd4071f5f23aae5dc8b4190cf4ef923cb8a,1,0,"[{kind: position, valid_andes: true, payload: ASP-A02-B04-P03-L, display: ASP-A02-B04-P03-L}]",61994,1200,1000
198,166,166_item.jpg,item_single_valid,item,f005b13196b3753a5223ef733996603bfb1789acb4d1f0a44fffee627ef77964,1,0,"[{kind: item, valid_andes: true, payload: ASI-B9WM9P|20, display: ASI-B9WM9P, qty: 20}]",58715,1200,1000
199,230,230_multi_true.jpg,multi_true_3,multi_true,43db99a5e18470fb762597ce363e30cd3df21d7fca78c297355ca7e6bf0f9f4b,3,0,"[{kind: position, valid_andes: true, payload: ASP-A04-B03-P01-R, display: ASP-A04-B03-P01-R}, {kind: item, valid_andes: true, payload: ASI-PPQXKA|12, display: ASI-PPQXKA, qty: 12}, {kind: position, valid_andes: true, payload: ASP-A04-B03-P02-L, display: ASP-A04-B03-P02-L}]",110772,1200,1000
200,167,167_item.jpg,item_single_valid,item,7f84096b579ef79ea70013e8a99b6d882fa1909c8f801e18c5a7d4b44a1993b3,1,0,"[{kind: item, valid_andes: true, payload: ASI-SXTTAN|3, display: ASI-SXTTAN, qty: 3}]",57718,1200,1000
201,54,054_position.jpg,position_single_valid,position,7c6e4429e4f70c58ad7072086bcf2cd7e11b41d3e59889e3d26d5efb6ea7517c,1,0,"[{kind: position, valid_andes: true, payload: ASP-A02-B04-P03-R, display: ASP-A02-B04-P03-R}]",60860,1200,1000
202,168,168_item.jpg,item_single_valid,item,57df570bb0fdfd7997bc84edc92f0ee526c48c05e590ba5bb7ba68610b17b299,1,0,"[{kind: item, valid_andes: true, payload: ASI-R49R89|36, display: ASI-R49R89, qty: 36}]",58908,1200,1000
203,261,261_multi_mixed.jpg,multi_mixed_3,multi_mixed,a5d576201c784e85d9bfffd1bf9d685d0af9979f21aa171aa1c05dfedc11882c,2,1,"[{kind: item, valid_andes: true, payload: ASI-34UH3B|18, display: ASI-34UH3B, qty: 18}, {kind: item, valid_andes: true, payload: ASI-L7ZF5G|10, display: ASI-L7ZF5G, qty: 10}, {kind: false, valid_andes: false, payload: X0021, display: X-0021}]",103233,1200,1000
204,55,055_position.jpg,position_single_valid,position,74a4240b2613bd2e5bb3786a7083a54203282c5b19b749d470f2684db3fbc3a1,1,0,"[{kind: position, valid_andes: true, payload: ASP-A02-B05-P01-L, display: ASP-A02-B05-P01-L}]",62201,1200,1000
205,169,169_item.jpg,item_single_valid,item,37e7e8c1546f21b844fe12aaad575cff90b4ef4c8589b15624dce90bb11de131,1,0,"[{kind: item, valid_andes: true, payload: ASI-BFUQ3R|15, display: ASI-BFUQ3R, qty: 15}]",58233,1200,1000
206,291,291_multi_false.jpg,multi_false_3,multi_false,2eada1aa0abdff99a128940d752de2ed9ecf9e7126078df15d539fa863545c3c,0,3,"[{kind: false, valid_andes: false, payload: FAKE0076, display: FAKE-0076}, {kind: false, valid_andes: false, payload: X0077, display: X-0077}, {kind: false, valid_andes: false, payload: BAD0078, display: BAD-0078}]",103696,1200,1000
207,170,170_item.jpg,item_single_valid,item,88d37f5a94da2c3bc343c7a6a647d2dbf56e688cee5883dba588a1195e7e2796,1,0,"[{kind: item, valid_andes: true, payload: ASI-Z8Y5XY|36, display: ASI-Z8Y5XY, qty: 36}]",56735,1200,1000
208,56,056_position.jpg,position_single_valid,position,edf25eba4e6c83cc8ac8764e44c784e2e9b0b16fe83a5e14b408f6eb73ae64f1,1,0,"[{kind: position, valid_andes: true, payload: ASP-A02-B05-P01-R, display: ASP-A02-B05-P01-R}]",61673,1200,1000
209,171,171_item.jpg,item_single_valid,item,2c5f68d38d3bb1b064ccd4aba58afd8d6adae8d578b993b8f3a00833a0fba58d,1,0,"[{kind: item, valid_andes: true, payload: ASI-TVSQHN|18, display: ASI-TVSQHN, qty: 18}]",57557,1200,1000
210,231,231_multi_true.jpg,multi_true_3,multi_true,ecf46748be7a682789383ddbfe52b2b7804991622c78186a2b2c91dd1d02a350,3,0,"[{kind: position, valid_andes: true, payload: ASP-A04-B03-P02-R, display: ASP-A04-B03-P02-R}, {kind: item, valid_andes: true, payload: ASI-KJSMHB|5, display: ASI-KJSMHB, qty: 5}, {kind: position, valid_andes: true, payload: ASP-A04-B03-P03-L, display: ASP-A04-B03-P03-L}]",109650,1200,1000
211,172,172_item.jpg,item_single_valid,item,a584ed6fed1961f5482cddc010907ddd7430d36b43f47289d27f3c1f1f78512a,1,0,"[{kind: item, valid_andes: true, payload: ASI-HMNP8T|72, display: ASI-HMNP8T, qty: 72}]",57533,1200,1000
212,262,262_multi_mixed.jpg,multi_mixed_3,multi_mixed,b20bab010d7a71c79ef2c13af60eb6d1249423184adcfbb3ad01e15902d6093b,2,1,"[{kind: position, valid_andes: true, payload: ASP-A05-B03-P02-R, display: ASP-A05-B03-P02-R}, {kind: item, valid_andes: true, payload: ASI-53F3VX|10, display: ASI-53F3VX, qty: 10}, {kind: false, valid_andes: false, payload: BAD0022, display: BAD-0022}]",106982,1200,1000
213,57,057_position.jpg,position_single_valid,position,85b970dbf9ab856705575519177a497899dadef5549e79313a5290ce9d770fca,1,0,"[{kind: position, valid_andes: true, payload: ASP-A02-B05-P02-L, display: ASP-A02-B05-P02-L}]",61144,1200,1000
214,173,173_item.jpg,item_single_valid,item,912eee3dc914a541684716262645a91a5d4ef6eab58948cefc894b46ab98dfa3,1,0,"[{kind: item, valid_andes: true, payload: ASI-UGNUQZ|6, display: ASI-UGNUQZ, qty: 6}]",57155,1200,1000
215,292,292_multi_false.jpg,multi_false_3,multi_false,e1e5ac9611b7c8b5fbf4dc5144d8abb937f6b01cd7a6baebb016bee2794e674f,0,3,"[{kind: false, valid_andes: false, payload: POSX0079, display: POSX-0079}, {kind: false, valid_andes: false, payload: FAKE0080, display: FAKE-0080}, {kind: false, valid_andes: false, payload: X0081, display: X-0081}]",105571,1200,1000
216,58,058_position.jpg,position_single_valid,position,fa9acad4fb8a831a58f5417fb9811d6745c84be5c2d290c07d0a0d346c03e56e,1,0,"[{kind: position, valid_andes: true, payload: ASP-A02-B05-P02-R, display: ASP-A02-B05-P02-R}]",60957,1200,1000
217,174,174_item.jpg,item_single_valid,item,29c3fcbcc5b60d75bced28887e0b50f57b5ada0f1f134b77ee982b5344cccdea,1,0,"[{kind: item, valid_andes: true, payload: ASI-VAJTCD|60, display: ASI-VAJTCD, qty: 60}]",57719,1200,1000
218,175,175_item.jpg,item_single_valid,item,67c8c65531ff19702242909050e49fa4f455e79e25379c18fd7e4cd7f8dcfcc0,1,0,"[{kind: item, valid_andes: true, payload: ASI-UJ9GAU|40, display: ASI-UJ9GAU, qty: 40}]",57498,1200,1000
219,232,232_multi_true.jpg,multi_true_3,multi_true,b5d31e3b3ec1948ae0e8d23ac36fd2d90817193829f1e23c58f40fbbc3fdfd9c,3,0,"[{kind: position, valid_andes: true, payload: ASP-A04-B03-P03-R, display: ASP-A04-B03-P03-R}, {kind: item, valid_andes: true, payload: ASI-AYRWBM|12, display: ASI-AYRWBM, qty: 12}, {kind: position, valid_andes: true, payload: ASP-A04-B04-P01-L, display: ASP-A04-B04-P01-L}]",109251,1200,1000
220,59,059_position.jpg,position_single_valid,position,74e18f6ff16c7e0755d48880f9e692c19f3f9734f94b1dea19769d5e714c56df,1,0,"[{kind: position, valid_andes: true, payload: ASP-A02-B05-P03-L, display: ASP-A02-B05-P03-L}]",61840,1200,1000
221,176,176_item.jpg,item_single_valid,item,895ba21d46f75c371c40d5151b97bb85448652b205cb8726b43be7abed0efc75,1,0,"[{kind: item, valid_andes: true, payload: ASI-86XMDS|40, display: ASI-86XMDS, qty: 40}]",57545,1200,1000
222,263,263_multi_mixed.jpg,multi_mixed_3,multi_mixed,34aac53d1fdd405c404502569c986057a55d696158271edc4f95149f5798bc5c,2,1,"[{kind: item, valid_andes: true, payload: ASI-XLEHNY|20, display: ASI-XLEHNY, qty: 20}, {kind: item, valid_andes: true, payload: ASI-KRGKSN|6, display: ASI-KRGKSN, qty: 6}, {kind: false, valid_andes: false, payload: POSX0023, display: POSX-0023}]",106418,1200,1000
223,177,177_item.jpg,item_single_valid,item,f026b7b6996dbf95d2a1d3d4a12c4aa1a429d92aa26229db0183da66a3389a09,1,0,"[{kind: item, valid_andes: true, payload: ASI-HE39ED|5, display: ASI-HE39ED, qty: 5}]",57183,1200,1000
224,60,060_position.jpg,position_single_valid,position,fc749738b17737dc13ca84283eb9a0db0ab0c53e7231ee3be7b6c1339e06fc8e,1,0,"[{kind: position, valid_andes: true, payload: ASP-A02-B05-P03-R, display: ASP-A02-B05-P03-R}]",61474,1200,1000
225,178,178_item.jpg,item_single_valid,item,6aac0742daa335dd7b961924f2ec12deea6e71ad10d34fb3eac7de63d4bf1012,1,0,"[{kind: item, valid_andes: true, payload: ASI-KVFRH4|96, display: ASI-KVFRH4, qty: 96}]",58626,1200,1000
226,293,293_multi_false.jpg,multi_false_3,multi_false,0569307dbd9b5c9fcec7297560bd00ebdbb4908d5fe11024be2235a98480615f,0,3,"[{kind: false, valid_andes: false, payload: BAD0082, display: BAD-0082}, {kind: false, valid_andes: false, payload: POSX0083, display: POSX-0083}, {kind: false, valid_andes: false, payload: FAKE0084, display: FAKE-0084}]",105636,1200,1000
227,61,061_position.jpg,position_single_valid,position,0610ecc57b2abd4f4528be95e17e62852b1176298da862760a7c34ecec953668,1,0,"[{kind: position, valid_andes: true, payload: ASP-A03-B01-P01-L, display: ASP-A03-B01-P01-L}]",60934,1200,1000
228,179,179_item.jpg,item_single_valid,item,0f000430d221693eb1bd894d7798c418ba8d2ac5fcdd2a1db882cca92d3ed3da,1,0,"[{kind: item, valid_andes: true, payload: ASI-Q266V5|15, display: ASI-Q266V5, qty: 15}]",58178,1200,1000
229,233,233_multi_true.jpg,multi_true_3,multi_true,635a4b18429fe7aba5495389f11416d3252ab9e870177424c0348eda43470752,3,0,"[{kind: position, valid_andes: true, payload: ASP-A04-B04-P01-R, display: ASP-A04-B04-P01-R}, {kind: item, valid_andes: true, payload: ASI-DJ4HE8|36, display: ASI-DJ4HE8, qty: 36}, {kind: position, valid_andes: true, payload: ASP-A04-B04-P02-L, display: ASP-A04-B04-P02-L}]",109615,1200,1000
230,180,180_item.jpg,item_single_valid,item,692464ba50cc32f7572f44fd5099775235eb2b8be75b711242de660d5d98418b,1,0,"[{kind: item, valid_andes: true, payload: ASI-DGPPSF|6, display: ASI-DGPPSF, qty: 6}]",58065,1200,1000
231,62,062_position.jpg,position_single_valid,position,3b7fd6d37711a5ac3c3267d7a5aea0acc54420f05d49768a204c9c995354c53e,1,0,"[{kind: position, valid_andes: true, payload: ASP-A03-B01-P01-R, display: ASP-A03-B01-P01-R}]",62406,1200,1000
232,181,181_item.jpg,item_single_valid,item,7054e4a698eb4fd6e1a33a5331f88cdedfa09e37fb27c5c402c2d6a213502d0f,1,0,"[{kind: item, valid_andes: true, payload: ASI-RMELA4|36, display: ASI-RMELA4, qty: 36}]",58183,1200,1000
233,264,264_multi_mixed.jpg,multi_mixed_3,multi_mixed,a1f0ef250d076fc67e878e8add4c1da35a97eecade12c6177a4e63058b2acfe0,2,1,"[{kind: position, valid_andes: true, payload: ASP-A05-B03-P03-L, display: ASP-A05-B03-P03-L}, {kind: item, valid_andes: true, payload: ASI-KEM976|72, display: ASI-KEM976, qty: 72}, {kind: false, valid_andes: false, payload: FAKE0024, display: FAKE-0024}]",108220,1200,1000
234,63,063_position.jpg,position_single_valid,position,70e72d02443946918556c9a9e7ab0d99e7e09eb7cb2bf19fc860a03d85fd585f,1,0,"[{kind: position, valid_andes: true, payload: ASP-A03-B01-P02-L, display: ASP-A03-B01-P02-L}]",61935,1200,1000
235,182,182_item.jpg,item_single_valid,item,fae548fb38b04bfb9c3eb2651bdf3b1a77a2a1c28b7e321384f6060f028ccb4f,1,0,"[{kind: item, valid_andes: true, payload: ASI-8UCQUU|36, display: ASI-8UCQUU, qty: 36}]",58315,1200,1000
236,294,294_multi_false.jpg,multi_false_3,multi_false,2aa57e94ce04c6706f872dab9a1c93e55b4aa7c788d877ace136ca85e898689c,0,3,"[{kind: false, valid_andes: false, payload: X0085, display: X-0085}, {kind: false, valid_andes: false, payload: BAD0086, display: BAD-0086}, {kind: false, valid_andes: false, payload: POSX0087, display: POSX-0087}]",103778,1200,1000
237,183,183_item.jpg,item_single_valid,item,11db592988d3ad897904bd5e48cffff39049aace9f4aafc7dee322c0b1e093cb,1,0,"[{kind: item, valid_andes: true, payload: ASI-EQSN5H|60, display: ASI-EQSN5H, qty: 60}]",58419,1200,1000
238,64,064_position.jpg,position_single_valid,position,31c451c98b1d69b1d76ddb6c20e20095fe8a501dd4a54fb92fc19a1a7a020ff8,1,0,"[{kind: position, valid_andes: true, payload: ASP-A03-B01-P02-R, display: ASP-A03-B01-P02-R}]",61676,1200,1000
239,184,184_item.jpg,item_single_valid,item,f5e3da3ef679b4ec239f54f62511879a9da74f5a003d95526236351a710c519e,1,0,"[{kind: item, valid_andes: true, payload: ASI-QKTKED|6, display: ASI-QKTKED, qty: 6}]",57316,1200,1000
240,234,234_multi_true.jpg,multi_true_3,multi_true,7d71f16e42a1657ff289e6302e155f7d2beb804aa359b7342ba292b79beda679,3,0,"[{kind: position, valid_andes: true, payload: ASP-A04-B04-P02-R, display: ASP-A04-B04-P02-R}, {kind: item, valid_andes: true, payload: ASI-ZG6QCV|36, display: ASI-ZG6QCV, qty: 36}, {kind: position, valid_andes: true, payload: ASP-A04-B04-P03-L, display: ASP-A04-B04-P03-L}]",110576,1200,1000
241,185,185_item.jpg,item_single_valid,item,028918b496c1fcf3589a01f4699ac6db5b603202ac1335cd16dd962659142c4b,1,0,"[{kind: item, valid_andes: true, payload: ASI-VU6H7V|24, display: ASI-VU6H7V, qty: 24}]",57463,1200,1000
242,265,265_multi_mixed.jpg,multi_mixed_3,multi_mixed,5ea122aba1fc1644c77b30d28c09831b9d9cb13fe90e4295f42b3a67925cc6b9,2,1,"[{kind: item, valid_andes: true, payload: ASI-WWK6E8|36, display: ASI-WWK6E8, qty: 36}, {kind: item, valid_andes: true, payload: ASI-VTDYEV|36, display: ASI-VTDYEV, qty: 36}, {kind: false, valid_andes: false, payload: X0025, display: X-0025}]",103587,1200,1000
243,65,065_position.jpg,position_single_valid,position,b8bba3bdff19243137ba18143ba9724211e92c61d120b6b21c6b03d36708a0ce,1,0,"[{kind: position, valid_andes: true, payload: ASP-A03-B01-P03-L, display: ASP-A03-B01-P03-L}]",60814,1200,1000
244,186,186_item.jpg,item_single_valid,item,ce989d846b6ebabc202e1c4514a769bee01c3c3c1dcd5fb412d5b8110acd7360,1,0,"[{kind: item, valid_andes: true, payload: ASI-T96FC5|18, display: ASI-T96FC5, qty: 18}]",57723,1200,1000
245,295,295_multi_false.jpg,multi_false_3,multi_false,32d5203137ce6d0ea410c0bd5c50356a52dc815a0f1a79f9016c81dea640ca9c,0,3,"[{kind: false, valid_andes: false, payload: FAKE0088, display: FAKE-0088}, {kind: false, valid_andes: false, payload: X0089, display: X-0089}, {kind: false, valid_andes: false, payload: BAD0090, display: BAD-0090}]",103418,1200,1000
246,66,066_position.jpg,position_single_valid,position,1c6fd9112f084271ebf64d15d3e26e104925d7a90bc20de785ecc7341a72e01c,1,0,"[{kind: position, valid_andes: true, payload: ASP-A03-B01-P03-R, display: ASP-A03-B01-P03-R}]",61524,1200,1000
247,187,187_item.jpg,item_single_valid,item,cef6ab9acd7cadbd3ed73e3dd3510cb4787a97d8a494de5b59cba69f8a892212,1,0,"[{kind: item, valid_andes: true, payload: ASI-SBFQBT|72, display: ASI-SBFQBT, qty: 72}]",58765,1200,1000
248,188,188_item.jpg,item_single_valid,item,f3afa8edc3f80c4d6cc99280637fef903e05ed1f28c837fbdc01aa57f20199e0,1,0,"[{kind: item, valid_andes: true, payload: ASI-CM86TM|72, display: ASI-CM86TM, qty: 72}]",57547,1200,1000
249,235,235_multi_true.jpg,multi_true_3,multi_true,f7930ec75e070281b31123658d1ba8f112574e69cbcb24619f798fc4fd5d0980,3,0,"[{kind: position, valid_andes: true, payload: ASP-A04-B04-P03-R, display: ASP-A04-B04-P03-R}, {kind: item, valid_andes: true, payload: ASI-BD835G|40, display: ASI-BD835G, qty: 40}, {kind: position, valid_andes: true, payload: ASP-A04-B05-P01-L, display: ASP-A04-B05-P01-L}]",110420,1200,1000
250,67,067_position.jpg,position_single_valid,position,239e16f17691d15b1838e10ca1752ed341dd1a18fb4231c11e87f327f5a53648,1,0,"[{kind: position, valid_andes: true, payload: ASP-A03-B02-P01-L, display: ASP-A03-B02-P01-L}]",61605,1200,1000
251,189,189_item.jpg,item_single_valid,item,852a75807693390573ac9a18dccb737e0f32a3896df54436819905f7ed9597a6,1,0,"[{kind: item, valid_andes: true, payload: ASI-59F8Y4|18, display: ASI-59F8Y4, qty: 18}]",58177,1200,1000
252,266,266_multi_mixed.jpg,multi_mixed_3,multi_mixed,46f9024ea90c7d6fc52cbe9c2b38b58672715592996d1151a60f96b5e81e97d2,2,1,"[{kind: position, valid_andes: true, payload: ASP-A05-B03-P03-R, display: ASP-A05-B03-P03-R}, {kind: item, valid_andes: true, payload: ASI-6CDZUE|3, display: ASI-6CDZUE, qty: 3}, {kind: false, valid_andes: false, payload: BAD0026, display: BAD-0026}]",106756,1200,1000
253,190,190_item.jpg,item_single_valid,item,1a9ee01fc08960762c65ca392721a6e479fdfb2d8a03bdafa540f684144d09a7,1,0,"[{kind: item, valid_andes: true, payload: ASI-WGLX49|15, display: ASI-WGLX49, qty: 15}]",58282,1200,1000
254,68,068_position.jpg,position_single_valid,position,e6de5a97524bcadb75af113df5f064d847f0d3068f293b52f3dce62400cfaed4,1,0,"[{kind: position, valid_andes: true, payload: ASP-A03-B02-P01-R, display: ASP-A03-B02-P01-R}]",61905,1200,1000
255,191,191_item.jpg,item_single_valid,item,71e770d6c670ac897e18346032a2ad0b6e2807bbad610fa588c2986c9fafd334,1,0,"[{kind: item, valid_andes: true, payload: ASI-3C7FWS|18, display: ASI-3C7FWS, qty: 18}]",59040,1200,1000
256,296,296_multi_false.jpg,multi_false_3,multi_false,95ae9eb9c034abad0990471ea2fe69abd9cf995cd96230cbc9527e89caee4a0f,0,3,"[{kind: false, valid_andes: false, payload: POSX0091, display: POSX-0091}, {kind: false, valid_andes: false, payload: FAKE0092, display: FAKE-0092}, {kind: false, valid_andes: false, payload: X0093, display: X-0093}]",103942,1200,1000
257,69,069_position.jpg,position_single_valid,position,d4c9fdbc13ea25d1e133ac68b8500976bffc4f1f6513b2ef7c622ad6adf78294,1,0,"[{kind: position, valid_andes: true, payload: ASP-A03-B02-P02-L, display: ASP-A03-B02-P02-L}]",61537,1200,1000
258,192,192_item.jpg,item_single_valid,item,b19f41d89ee5a2707714f86686e2a7599ed9f3cc26b47ec55f7a1e098423cfa3,1,0,"[{kind: item, valid_andes: true, payload: ASI-H3A74D|8, display: ASI-H3A74D, qty: 8}]",56492,1200,1000
259,236,236_multi_true.jpg,multi_true_3,multi_true,8a2e562efff5c81514cba1ed577d308d197aca104af9112a9efcea3ead45ece3,3,0,"[{kind: position, valid_andes: true, payload: ASP-A04-B05-P01-R, display: ASP-A04-B05-P01-R}, {kind: item, valid_andes: true, payload: ASI-6EFWKE|5, display: ASI-6EFWKE, qty: 5}, {kind: position, valid_andes: true, payload: ASP-A04-B05-P02-L, display: ASP-A04-B05-P02-L}]",109483,1200,1000
260,193,193_item.jpg,item_single_valid,item,0679149409c149d61bb257ff7da5187259c3b834520096808c11424da7ad906b,1,0,"[{kind: item, valid_andes: true, payload: ASI-Z96DPT|60, display: ASI-Z96DPT, qty: 60}]",57367,1200,1000
261,70,070_position.jpg,position_single_valid,position,30d575d995506c771876d74f030cd045dc805b89e1ef797defb6d8795d5ef0e6,1,0,"[{kind: position, valid_andes: true, payload: ASP-A03-B02-P02-R, display: ASP-A03-B02-P02-R}]",61600,1200,1000
262,194,194_item.jpg,item_single_valid,item,b7c39491bac1ebe88a0cf3b9db28b9ed461c9664f3d61893909fc536cb2f83d7,1,0,"[{kind: item, valid_andes: true, payload: ASI-JU69HB|96, display: ASI-JU69HB, qty: 96}]",57083,1200,1000
263,267,267_multi_mixed.jpg,multi_mixed_3,multi_mixed,147f62c5baf432de372792df08c90b9cc499001f48061cc21f139fc846e6ead0,2,1,"[{kind: item, valid_andes: true, payload: ASI-27C6NW|96, display: ASI-27C6NW, qty: 96}, {kind: item, valid_andes: true, payload: ASI-8KD6GX|3, display: ASI-8KD6GX, qty: 3}, {kind: false, valid_andes: false, payload: POSX0027, display: POSX-0027}]",108743,1200,1000
264,71,071_position.jpg,position_single_valid,position,f6d9c837287fb603b4df5e10dbbb5a2feea3fcd80667d8359ac9ba0acda28cf4,1,0,"[{kind: position, valid_andes: true, payload: ASP-A03-B02-P03-L, display: ASP-A03-B02-P03-L}]",61842,1200,1000
265,195,195_item.jpg,item_single_valid,item,89f8908c9f75cb7a5c4679b04cf24cd17962657c457d2236bd1e31da4b4b0268,1,0,"[{kind: item, valid_andes: true, payload: ASI-RLVA4F|10, display: ASI-RLVA4F, qty: 10}]",57032,1200,1000
266,297,297_multi_false.jpg,multi_false_3,multi_false,6d92c6f214a2399e3b854377bb34e90f5d922d88d8baf7e33cf444be7587573b,0,3,"[{kind: false, valid_andes: false, payload: BAD0094, display: BAD-0094}, {kind: false, valid_andes: false, payload: POSX0095, display: POSX-0095}, {kind: false, valid_andes: false, payload: FAKE0096, display: FAKE-0096}]",105271,1200,1000
267,196,196_item.jpg,item_single_valid,item,3b4d03a278c4bce3bdc07ffb168e4f7d83c5ae7a9054488c41d7b79507b66ad8,1,0,"[{kind: item, valid_andes: true, payload: ASI-H7HK9U|48, display: ASI-H7HK9U, qty: 48}]",56579,1200,1000
268,72,072_position.jpg,position_single_valid,position,12e024038bf00ca49d014b42de9fd18da714275460d4297768858fc628211df7,1,0,"[{kind: position, valid_andes: true, payload: ASP-A03-B02-P03-R, display: ASP-A03-B02-P03-R}]",60699,1200,1000
269,197,197_item.jpg,item_single_valid,item,24d7ac2913b873e9c4d7a4b41d2838b0564cbebd24e6ff07579e70dede20ee4c,1,0,"[{kind: item, valid_andes: true, payload: ASI-T488R7|60, display: ASI-T488R7, qty: 60}]",57406,1200,1000
270,237,237_multi_true.jpg,multi_true_3,multi_true,74d419122b0f72a86838165d7d95ee9307f29ed2842ea09f4fde6f609dd18c8f,3,0,"[{kind: position, valid_andes: true, payload: ASP-A04-B05-P02-R, display: ASP-A04-B05-P02-R}, {kind: item, valid_andes: true, payload: ASI-TW2U75|4, display: ASI-TW2U75, qty: 4}, {kind: position, valid_andes: true, payload: ASP-A04-B05-P03-L, display: ASP-A04-B05-P03-L}]",110731,1200,1000
271,198,198_item.jpg,item_single_valid,item,d585211e6305cf2e734d1bbad40ee1dc6808caa8e3907fc6827b125a6327a3a0,1,0,"[{kind: item, valid_andes: true, payload: ASI-K2NJET|30, display: ASI-K2NJET, qty: 30}]",58287,1200,1000
272,268,268_multi_mixed.jpg,multi_mixed_3,multi_mixed,3bbdefb1a22e140c53a13c650b63635c6543472426d5e312bdac0918298dc7f1,2,1,"[{kind: position, valid_andes: true, payload: ASP-A05-B04-P01-L, display: ASP-A05-B04-P01-L}, {kind: item, valid_andes: true, payload: ASI-MCR66L|20, display: ASI-MCR66L, qty: 20}, {kind: false, valid_andes: false, payload: FAKE0028, display: FAKE-0028}]",108167,1200,1000
273,73,073_position.jpg,position_single_valid,position,b247ebd20e314aa85d42a2ddffbb0e17c5e260042695ffe0f4226e0be5c169c6,1,0,"[{kind: position, valid_andes: true, payload: ASP-A03-B03-P01-L, display: ASP-A03-B03-P01-L}]",61077,1200,1000
274,199,199_item.jpg,item_single_valid,item,a592ccef061f93ca162f04328d6cc6a1dacac098420a4af5237554bfa7ab467a,1,0,"[{kind: item, valid_andes: true, payload: ASI-XTAUV9|5, display: ASI-XTAUV9, qty: 5}]",56635,1200,1000
275,298,298_multi_false.jpg,multi_false_3,multi_false,c9cbca07fc171b5a763dff1197b0bbaa6fac909426531aeeccbd5c345063d590,0,3,"[{kind: false, valid_andes: false, payload: X0097, display: X-0097}, {kind: false, valid_andes: false, payload: BAD0098, display: BAD-0098}, {kind: false, valid_andes: false, payload: POSX0099, display: POSX-0099}]",103006,1200,1000
276,74,074_position.jpg,position_single_valid,position,3f24073ed3a8caa4284af8318734ae83547f99f5f0596a3cd4e9f8ab424f6a26,1,0,"[{kind: position, valid_andes: true, payload: ASP-A03-B03-P01-R, display: ASP-A03-B03-P01-R}]",60196,1200,1000
277,200,200_item.jpg,item_single_valid,item,2db01a800ce324e0e003f9efe4404790f1dc3adfa82ba0b0c0bafd24433bc76a,1,0,"[{kind: item, valid_andes: true, payload: ASI-68YX27|18, display: ASI-68YX27, qty: 18}]",57414,1200,1000
278,201,201_item.jpg,item_single_valid,item,e9a048f05546a7c72711965a78cc1ef4e965d6c946f846f70206ebbec6dcc497,1,0,"[{kind: item, valid_andes: true, payload: ASI-NR2Q4C|18, display: ASI-NR2Q4C, qty: 18}]",58506,1200,1000
279,238,238_multi_true.jpg,multi_true_3,multi_true,67deb5e8396693b51523803ec07b0692ef26019cdd91ee88684f2f6333cb2092,3,0,"[{kind: position, valid_andes: true, payload: ASP-A04-B05-P03-R, display: ASP-A04-B05-P03-R}, {kind: item, valid_andes: true, payload: ASI-HP56Q4|18, display: ASI-HP56Q4, qty: 18}, {kind: position, valid_andes: true, payload: ASP-A05-B01-P01-L, display: ASP-A05-B01-P01-L}]",110594,1200,1000
280,75,075_position.jpg,position_single_valid,position,7ade236b61c3ddcb5daaaeec92098138e5a7d84ae7f223b4de142a48d455001c,1,0,"[{kind: position, valid_andes: true, payload: ASP-A03-B03-P02-L, display: ASP-A03-B03-P02-L}]",61589,1200,1000
281,202,202_item.jpg,item_single_valid,item,57dffe0abba816b7eb2ed691dedb888eca1ab4643544b82e05d1a4c45c6efadf,1,0,"[{kind: item, valid_andes: true, payload: ASI-822K9C|5, display: ASI-822K9C, qty: 5}]",57310,1200,1000
282,269,269_multi_mixed.jpg,multi_mixed_3,multi_mixed,7dac32ab8569967418521cc9725aa5a17921f5261fb55867a9225d872d16b971,2,1,"[{kind: item, valid_andes: true, payload: ASI-ZU24XD|18, display: ASI-ZU24XD, qty: 18}, {kind: item, valid_andes: true, payload: ASI-EXG2US|96, display: ASI-EXG2US, qty: 96}, {kind: false, valid_andes: false, payload: X0029, display: X-0029}]",102545,1200,1000
283,203,203_item.jpg,item_single_valid,item,85e6aac91002113e42c847f6f34a14010f054ca0ecea61c8068c1975b73db90c,1,0,"[{kind: item, valid_andes: true, payload: ASI-XG6G7A|5, display: ASI-XG6G7A, qty: 5}]",57426,1200,1000
284,76,076_position.jpg,position_single_valid,position,9cfcb5934d1894b44e914430acc89f3a091fbd954c952fd765a85f8b9bd4fa1c,1,0,"[{kind: position, valid_andes: true, payload: ASP-A03-B03-P02-R, display: ASP-A03-B03-P02-R}]",61350,1200,1000
285,204,204_item.jpg,item_single_valid,item,2e8965a9522680d0a5e07a59413e7b9c5722d316a7bb240191c19b7335aeb9e5,1,0,"[{kind: item, valid_andes: true, payload: ASI-4KE8SX|96, display: ASI-4KE8SX, qty: 96}]",58906,1200,1000
286,299,299_multi_false.jpg,multi_false_3,multi_false,19634e087915746cc18afc7a369994bec6c4540cef31a9aa04433769644b6c00,0,3,"[{kind: false, valid_andes: false, payload: FAKE0100, display: FAKE-0100}, {kind: false, valid_andes: false, payload: X0101, display: X-0101}, {kind: false, valid_andes: false, payload: BAD0102, display: BAD-0102}]",103142,1200,1000
287,77,077_position.jpg,position_single_valid,position,07e35600f6e4027ae4fc7af77ad0bf67b53048c53baaf1382d54ed1f58c3eea7,1,0,"[{kind: position, valid_andes: true, payload: ASP-A03-B03-P03-L, display: ASP-A03-B03-P03-L}]",60734,1200,1000
288,205,205_item.jpg,item_single_valid,item,3ff10c155eb4757ee0289a4d987426e29a135aadaf259b4915d1367a535c4267,1,0,"[{kind: item, valid_andes: true, payload: ASI-3FX2W9|60, display: ASI-3FX2W9, qty: 60}]",57713,1200,1000
289,239,239_multi_true.jpg,multi_true_3,multi_true,e2c99398259ce79e2fa101c1adce585f6a8b5dfe7f39851be7b006149fd77757,3,0,"[{kind: position, valid_andes: true, payload: ASP-A05-B01-P01-R, display: ASP-A05-B01-P01-R}, {kind: item, valid_andes: true, payload: ASI-734GW5|18, display: ASI-734GW5, qty: 18}, {kind: position, valid_andes: true, payload: ASP-A05-B01-P02-L, display: ASP-A05-B01-P02-L}]",112289,1200,1000
290,206,206_item.jpg,item_single_valid,item,812145ad713de10efd4620474bdfe1c4afb5bafbd9b2c9229602aed169490c7d,1,0,"[{kind: item, valid_andes: true, payload: ASI-CERUQF|30, display: ASI-CERUQF, qty: 30}]",57545,1200,1000
291,78,078_position.jpg,position_single_valid,position,06de9b7d62890ab30a19d4c73228200ad0025ee4bffaa2c30c38c7fd300aefd4,1,0,"[{kind: position, valid_andes: true, payload: ASP-A03-B03-P03-R, display: ASP-A03-B03-P03-R}]",60766,1200,1000
292,207,207_item.jpg,item_single_valid,item,b5d9349c790fc4d9c0ce58f1d30fd84c474605e5b766e75bce4bf66cea2c5a7f,1,0,"[{kind: item, valid_andes: true, payload: ASI-GG6LVB|2, display: ASI-GG6LVB, qty: 2}]",56277,1200,1000
293,270,270_multi_mixed.jpg,multi_mixed_3,multi_mixed,483439102bed308fb5d5bc6ce3c66e4e9842fea6f45c89e97bce113e013a6f33,2,1,"[{kind: position, valid_andes: true, payload: ASP-A05-B04-P01-R, display: ASP-A05-B04-P01-R}, {kind: item, valid_andes: true, payload: ASI-KXFKYV|24, display: ASI-KXFKYV, qty: 24}, {kind: false, valid_andes: false, payload: BAD0030, display: BAD-0030}]",107263,1200,1000
294,79,079_position.jpg,position_single_valid,position,8b3006a999f7ea9fa60cffae7d646d3f9961410325ad4a8a8d7495bea0dc17a9,1,0,"[{kind: position, valid_andes: true, payload: ASP-A03-B04-P01-L, display: ASP-A03-B04-P01-L}]",62078,1200,1000
295,208,208_item.jpg,item_single_valid,item,11c73e70016730e19c12097b63b763e7a8a449ac71544de79d6a9fe050b42053,1,0,"[{kind: item, valid_andes: true, payload: ASI-WDUYZ5|5, display: ASI-WDUYZ5, qty: 5}]",57595,1200,1000
296,300,300_multi_false.jpg,multi_false_3,multi_false,d9b5c91522f5a98bcc283e31a5bdf30a1d223a3d376a4f0e0b9a89955331b8d6,0,3,"[{kind: false, valid_andes: false, payload: POSX0103, display: POSX-0103}, {kind: false, valid_andes: false, payload: FAKE0104, display: FAKE-0104}, {kind: false, valid_andes: false, payload: X0105, display: X-0105}]",105587,1200,1000
297,209,209_item.jpg,item_single_valid,item,d1daad632d47a64610489ae79cb108d83044f523f739ba13410d21920cbced0d,1,0,"[{kind: item, valid_andes: true, payload: ASI-R4MLMF|96, display: ASI-R4MLMF, qty: 96}]",57297,1200,1000
298,80,080_position.jpg,position_single_valid,position,c0e38c1c5986d0da60bd9042b4911a5cdac8745cb9b7b9e71ac941005500ae96,1,0,"[{kind: position, valid_andes: true, payload: ASP-A03-B04-P01-R, display: ASP-A03-B04-P01-R}]",62160,1200,1000
299,210,210_item.jpg,item_single_valid,item,1e2ed2811a74e2a5a0002cdb1f0a9c2fe41f908e4c24d5d66f4779ecf7aa1afd,1,0,"[{kind: item, valid_andes: true, payload: ASI-2R9KQ7|12, display: ASI-2R9KQ7, qty: 12}]",57981,1200,1000
300,240,240_multi_true.jpg,multi_true_3,multi_true,c41774ed3e20d61bc256610ee3021372604e2107a8a9461f778a375bf1f2b0aa,3,0,"[{kind: position, valid_andes: true, payload: ASP-A05-B01-P02-R, display: ASP-A05-B01-P02-R}, {kind: item, valid_andes: true, payload: ASI-SZK8EF|3, display: ASI-SZK8EF, qty: 3}, {kind: position, valid_andes: true, payload: ASP-A05-B01-P03-L, display: ASP-A05-B01-P03-L}]",111018,1200,1000
