endpoint_id,method,full_path,api_version,module,handler,source_file,source_line,auth_required,roles,tenant_scope,client_scope,supplier_scope,request_type,accepts_files,side_effects,rate_limit,idempotent,risk,dast_priority,evidence_status,bola_bfla_status,consumer_status,used_by_frontend,used_by_mobile
EP-0001,GET,/api/v3/admin/ai-config,v3,admin,get_admin_ai_config,backend/src/api/routes/v3/admin_ai_config.py,27,True,platform_admin_primary_admin_id,jwt_client_id_optional,policy_or_none,n/a,none_or_query,False,read_only,none_declared,True,HIGH,HIGH,VERIFIED,AUTHORIZATION_UNKNOWN,REGISTERED_AND_USED,True,False
EP-0002,GET,/api/v3/admin/ai-config/composed-prompt,v3,admin,get_admin_ai_config_composed_prompt,backend/src/api/routes/v3/admin_ai_config.py,34,True,platform_admin_primary_admin_id,jwt_client_id_optional,policy_or_none,n/a,none_or_query,False,read_only,none_declared,True,HIGH,HIGH,VERIFIED,AUTHORIZATION_UNKNOWN,REGISTERED_AND_USED,False,False
EP-0003,POST,/api/v3/admin/jobs/{job_id}/finalization/recover,v3,admin,post_admin_finalization_recover,backend/src/api/routes/v3/admin_finalization_recovery.py,61,True,observability_capability,jwt_client_id_optional,policy_or_none,n/a,json,False,mutates_state|starts_processing|may_consume_ai,none_declared,UNKNOWN,HIGH,HIGH,VERIFIED,POTENTIAL_BOLA,REGISTERED_AND_USED,False,False
EP-0004,POST,/api/v3/admin/storage/cleanup,v3,admin,post_admin_storage_cleanup,backend/src/api/routes/v3/admin_storage.py,34,True,platform_admin_primary_admin_id,jwt_client_id_optional,policy_or_none,n/a,json,False,mutates_state,none_declared,UNKNOWN,HIGH,HIGH,VERIFIED,AUTHORIZATION_UNKNOWN,REGISTERED_AND_USED,False,False
EP-0005,GET,/api/v3/analytics/aisles,v3,analytics,analytics_aisles,backend/src/api/routes/v3/analytics_api.py,379,True,platform_admin|company_admin,jwt_client_id_optional,policy_or_none,n/a,none_or_query,False,read_only,none_declared,True,LOW,LOW,VERIFIED,AUTHORIZATION_UNKNOWN,REGISTERED_NOT_USED,False,False
EP-0006,GET,/api/v3/analytics/benchmark/inventories/{inventory_id}/aisles/{aisle_id}/compare,v3,analytics,analytics_benchmark_compare_aisle_runs,backend/src/api/routes/v3/analytics_api.py,469,True,platform_admin|company_admin,jwt_client_id_optional,policy_or_none,n/a,none_or_query,False,read_only,none_declared,True,HIGH,HIGH,VERIFIED,POTENTIAL_BOLA,REGISTERED_AND_USED,False,False
EP-0007,GET,/api/v3/analytics/cost-summary,v3,analytics,analytics_cost_summary,backend/src/api/routes/v3/analytics_api.py,152,True,platform_admin|company_admin,jwt_client_id_optional,policy_or_none,n/a,none_or_query,False,read_only,none_declared,True,LOW,LOW,VERIFIED,AUTHORIZATION_UNKNOWN,REGISTERED_AND_USED,True,False
EP-0008,GET,/api/v3/analytics/inventories,v3,analytics,analytics_inventories,backend/src/api/routes/v3/analytics_api.py,340,True,platform_admin|company_admin,jwt_client_id_optional,policy_or_none,n/a,none_or_query,False,read_only,none_declared,True,LOW,LOW,VERIFIED,AUTHORIZATION_UNKNOWN,REGISTERED_AND_USED,False,False
EP-0009,GET,/api/v3/analytics/manual-interventions,v3,analytics,analytics_manual_interventions,backend/src/api/routes/v3/analytics_api.py,435,True,platform_admin|company_admin,jwt_client_id_optional,policy_or_none,n/a,none_or_query,False,read_only,none_declared,True,LOW,LOW,VERIFIED,AUTHORIZATION_UNKNOWN,REGISTERED_AND_USED,False,False
EP-0010,GET,/api/v3/analytics/quality,v3,analytics,analytics_quality,backend/src/api/routes/v3/analytics_api.py,412,True,platform_admin|company_admin,jwt_client_id_optional,policy_or_none,n/a,none_or_query,False,read_only,none_declared,True,LOW,LOW,VERIFIED,AUTHORIZATION_UNKNOWN,REGISTERED_NOT_USED,False,False
EP-0011,GET,/api/v3/analytics/summary,v3,analytics,analytics_summary,backend/src/api/routes/v3/analytics_api.py,263,True,platform_admin|company_admin,jwt_client_id_optional,policy_or_none,n/a,none_or_query,False,read_only,none_declared,True,LOW,LOW,VERIFIED,AUTHORIZATION_UNKNOWN,REGISTERED_AND_USED,False,False
EP-0012,GET,/api/v3/analytics/trends,v3,analytics,analytics_trends,backend/src/api/routes/v3/analytics_api.py,311,True,platform_admin|company_admin,jwt_client_id_optional,policy_or_none,n/a,none_or_query,False,read_only,none_declared,True,LOW,LOW,VERIFIED,AUTHORIZATION_UNKNOWN,REGISTERED_NOT_USED,False,False
EP-0013,GET,/api/v3/clients/,v3,clients,list_clients,backend/src/api/routes/v3/clients.py,371,True,platform_admin|company_admin,jwt_client_id_optional,policy_or_none,n/a,none_or_query,False,read_only,none_declared,True,CRITICAL,CRITICAL,VERIFIED,POTENTIAL_BOLA,REGISTERED_AND_USED,False,True
EP-0014,POST,/api/v3/clients/,v3,clients,create_client,backend/src/api/routes/v3/clients.py,357,True,platform_admin|company_admin,jwt_client_id_optional,policy_or_none,n/a,json,False,mutates_state,none_declared,UNKNOWN,CRITICAL,CRITICAL,VERIFIED,POTENTIAL_BOLA,REGISTERED_AND_USED,False,True
EP-0015,GET,/api/v3/clients/{client_id},v3,clients,get_client,backend/src/api/routes/v3/clients.py,391,True,platform_admin|company_admin,jwt_client_id_optional,policy_or_none,n/a,none_or_query,False,read_only,none_declared,True,CRITICAL,CRITICAL,VERIFIED,POTENTIAL_BOLA,REGISTERED_AND_USED,False,True
EP-0016,PATCH,/api/v3/clients/{client_id},v3,clients,update_client,backend/src/api/routes/v3/clients.py,404,True,platform_admin|company_admin,jwt_client_id_optional,policy_or_none,n/a,json,False,mutates_state,none_declared,UNKNOWN,CRITICAL,CRITICAL,VERIFIED,POTENTIAL_BOLA,REGISTERED_AND_USED,False,True
EP-0017,GET,/api/v3/clients/{client_id}/position-labels,v3,clients,list_client_position_labels,backend/src/api/routes/v3/client_position_labels.py,174,True,platform_admin|company_admin,jwt_client_id_optional,policy_or_none,n/a,none_or_query,False,read_only,none_declared,True,HIGH,HIGH,VERIFIED,POTENTIAL_BOLA,REGISTERED_AND_USED,False,True
EP-0018,POST,/api/v3/clients/{client_id}/position-labels,v3,clients,create_client_position_label,backend/src/api/routes/v3/client_position_labels.py,212,True,platform_admin|company_admin,jwt_client_id_optional,policy_or_none,n/a,json,False,mutates_state,none_declared,UNKNOWN,HIGH,HIGH,VERIFIED,POTENTIAL_BOLA,REGISTERED_AND_USED,False,True
EP-0019,POST,/api/v3/clients/{client_id}/position-labels/marker-set,v3,clients,create_client_position_marker_set,backend/src/api/routes/v3/client_position_labels.py,248,True,platform_admin|company_admin,jwt_client_id_optional,policy_or_none,n/a,json,False,mutates_state,none_declared,UNKNOWN,HIGH,HIGH,VERIFIED,POTENTIAL_BOLA,REGISTERED_NOT_USED,False,False
EP-0020,GET,/api/v3/clients/{client_id}/position-labels/{label_id},v3,clients,get_client_position_label,backend/src/api/routes/v3/client_position_labels.py,284,True,platform_admin|company_admin,jwt_client_id_optional,policy_or_none,n/a,none_or_query,False,read_only,none_declared,True,HIGH,HIGH,VERIFIED,POTENTIAL_BOLA,REGISTERED_AND_USED,False,True
EP-0021,PATCH,/api/v3/clients/{client_id}/position-labels/{label_id},v3,clients,update_client_position_label,backend/src/api/routes/v3/client_position_labels.py,307,True,platform_admin|company_admin,jwt_client_id_optional,policy_or_none,n/a,json,False,mutates_state,none_declared,UNKNOWN,HIGH,HIGH,VERIFIED,POTENTIAL_BOLA,REGISTERED_AND_USED,False,True
EP-0022,GET,/api/v3/clients/{client_id}/position-labels/{label_id}/download,v3,clients,download_client_position_label,backend/src/api/routes/v3/client_position_labels.py,464,True,platform_admin|company_admin,jwt_client_id_optional,policy_or_none,n/a,none_or_query,False,read_only,none_declared,True,HIGH,HIGH,VERIFIED,POTENTIAL_BOLA,REGISTERED_NOT_USED,False,False
EP-0023,POST,/api/v3/clients/{client_id}/position-labels/{label_id}/invalidate,v3,clients,invalidate_client_position_label,backend/src/api/routes/v3/client_position_labels.py,337,True,platform_admin|company_admin,jwt_client_id_optional,policy_or_none,n/a,json,False,mutates_state,none_declared,UNKNOWN,HIGH,HIGH,VERIFIED,POTENTIAL_BOLA,REGISTERED_NOT_USED,False,False
EP-0024,GET,/api/v3/clients/{client_id}/position-labels/{label_id}/preview,v3,clients,preview_client_position_label,backend/src/api/routes/v3/client_position_labels.py,442,True,platform_admin|company_admin,jwt_client_id_optional,policy_or_none,n/a,none_or_query,False,read_only,none_declared,True,HIGH,HIGH,VERIFIED,POTENTIAL_BOLA,REGISTERED_NOT_USED,False,False
EP-0025,POST,/api/v3/clients/{client_id}/position-labels/{label_id}/render,v3,clients,render_client_position_label,backend/src/api/routes/v3/client_position_labels.py,366,True,platform_admin|company_admin,jwt_client_id_optional,policy_or_none,n/a,json,False,mutates_state,none_declared,UNKNOWN,HIGH,HIGH,VERIFIED,POTENTIAL_BOLA,REGISTERED_NOT_USED,False,False
EP-0026,POST,/api/v3/clients/{client_id}/product-labels,v3,clients,issue_product_labels,backend/src/api/routes/v3/client_product_labels.py,49,True,platform_admin|company_admin,jwt_client_id_optional,policy_or_none,n/a,json,False,mutates_state,none_declared,UNKNOWN,HIGH,HIGH,VERIFIED,POTENTIAL_BOLA,REGISTERED_AND_USED,False,False
EP-0027,GET,/api/v3/clients/{client_id}/suppliers,v3,clients,list_client_suppliers,backend/src/api/routes/v3/clients.py,452,True,platform_admin|company_admin,jwt_client_id_optional,policy_or_none,aisle_or_profile,none_or_query,False,read_only,none_declared,True,HIGH,HIGH,VERIFIED,POTENTIAL_BOLA,REGISTERED_AND_USED,False,True
EP-0028,POST,/api/v3/clients/{client_id}/suppliers,v3,clients,create_client_supplier,backend/src/api/routes/v3/clients.py,428,True,platform_admin|company_admin,jwt_client_id_optional,policy_or_none,aisle_or_profile,json,False,mutates_state,none_declared,UNKNOWN,HIGH,HIGH,VERIFIED,POTENTIAL_BOLA,REGISTERED_AND_USED,False,True
EP-0029,GET,/api/v3/clients/{client_id}/suppliers/{supplier_id},v3,clients,get_client_supplier,backend/src/api/routes/v3/clients.py,477,True,platform_admin|company_admin,jwt_client_id_optional,policy_or_none,aisle_or_profile,none_or_query,False,read_only,none_declared,True,HIGH,HIGH,VERIFIED,POTENTIAL_BOLA,REGISTERED_AND_USED,False,False
EP-0030,GET,/api/v3/clients/{client_id}/suppliers/{supplier_id}/extraction-profiles,v3,clients,list_supplier_extraction_profiles,backend/src/api/routes/v3/clients.py,806,True,platform_admin|company_admin,jwt_client_id_optional,policy_or_none,aisle_or_profile,none_or_query,False,read_only,none_declared,True,HIGH,HIGH,VERIFIED,POTENTIAL_BOLA,REGISTERED_NOT_USED,False,False
EP-0031,POST,/api/v3/clients/{client_id}/suppliers/{supplier_id}/extraction-profiles,v3,clients,create_supplier_extraction_profile,backend/src/api/routes/v3/clients.py,831,True,platform_admin|company_admin,jwt_client_id_optional,policy_or_none,aisle_or_profile,json,False,mutates_state,none_declared,UNKNOWN,HIGH,HIGH,VERIFIED,POTENTIAL_BOLA,REGISTERED_NOT_USED,False,False
EP-0032,GET,/api/v3/clients/{client_id}/suppliers/{supplier_id}/extraction-profiles/active,v3,clients,get_active_supplier_extraction_profile,backend/src/api/routes/v3/clients.py,869,True,platform_admin|company_admin,jwt_client_id_optional,policy_or_none,aisle_or_profile,none_or_query,False,read_only,none_declared,True,HIGH,HIGH,VERIFIED,POTENTIAL_BOLA,REGISTERED_NOT_USED,False,False
EP-0033,POST,/api/v3/clients/{client_id}/suppliers/{supplier_id}/extraction-profiles/clone,v3,clients,clone_supplier_extraction_profile,backend/src/api/routes/v3/clients.py,922,True,platform_admin|company_admin,jwt_client_id_optional,policy_or_none,aisle_or_profile,json,False,mutates_state,none_declared,UNKNOWN,HIGH,HIGH,VERIFIED,POTENTIAL_BOLA,REGISTERED_NOT_USED,False,False
EP-0034,POST,/api/v3/clients/{client_id}/suppliers/{supplier_id}/extraction-profiles/test,v3,clients,test_supplier_extraction_profile,backend/src/api/routes/v3/clients.py,949,True,platform_admin|company_admin,jwt_client_id_optional,policy_or_none,aisle_or_profile,json,False,mutates_state,none_declared,UNKNOWN,HIGH,HIGH,VERIFIED,POTENTIAL_BOLA,REGISTERED_NOT_USED,False,False
EP-0035,POST,/api/v3/clients/{client_id}/suppliers/{supplier_id}/extraction-profiles/test-code,v3,clients,test_supplier_label_recognition_code,backend/src/api/routes/v3/clients.py,993,True,platform_admin|company_admin,jwt_client_id_optional,policy_or_none,aisle_or_profile,json,False,mutates_state,none_declared,UNKNOWN,HIGH,HIGH,VERIFIED,POTENTIAL_BOLA,REGISTERED_NOT_USED,False,False
EP-0036,GET,/api/v3/clients/{client_id}/suppliers/{supplier_id}/extraction-profiles/versions/{version},v3,clients,get_supplier_extraction_profile_by_version,backend/src/api/routes/v3/clients.py,896,True,platform_admin|company_admin,jwt_client_id_optional,policy_or_none,aisle_or_profile,none_or_query,False,read_only,none_declared,True,HIGH,HIGH,VERIFIED,POTENTIAL_BOLA,REGISTERED_NOT_USED,False,False
EP-0037,POST,/api/v3/clients/{client_id}/suppliers/{supplier_id}/extraction-profiles/{profile_id}/activate,v3,clients,activate_supplier_extraction_profile,backend/src/api/routes/v3/clients.py,1036,True,platform_admin|company_admin,jwt_client_id_optional,policy_or_none,aisle_or_profile,json,False,mutates_state,none_declared,UNKNOWN,HIGH,HIGH,VERIFIED,POTENTIAL_BOLA,REGISTERED_NOT_USED,False,False
EP-0038,GET,/api/v3/clients/{client_id}/suppliers/{supplier_id}/label-profiles,v3,clients,list_client_supplier_label_profiles,backend/src/api/routes/v3/clients.py,1130,True,platform_admin|company_admin,jwt_client_id_optional,policy_or_none,aisle_or_profile,none_or_query,False,read_only,none_declared,True,HIGH,HIGH,VERIFIED,POTENTIAL_BOLA,REGISTERED_NOT_USED,False,False
EP-0039,PUT,/api/v3/clients/{client_id}/suppliers/{supplier_id}/label-profiles/{label_kind},v3,clients,upsert_client_supplier_label_profile,backend/src/api/routes/v3/clients.py,1159,True,platform_admin|company_admin,jwt_client_id_optional,policy_or_none,aisle_or_profile,json,False,mutates_state,none_declared,UNKNOWN,HIGH,HIGH,VERIFIED,POTENTIAL_BOLA,REGISTERED_NOT_USED,False,False
EP-0040,GET,/api/v3/clients/{client_id}/suppliers/{supplier_id}/prompt-configs,v3,clients,list_supplier_prompt_configs,backend/src/api/routes/v3/clients.py,668,True,platform_admin|company_admin,jwt_client_id_optional,policy_or_none,aisle_or_profile,none_or_query,False,read_only,none_declared,True,HIGH,HIGH,VERIFIED,POTENTIAL_BOLA,REGISTERED_AND_USED,False,False
EP-0041,POST,/api/v3/clients/{client_id}/suppliers/{supplier_id}/prompt-configs,v3,clients,create_supplier_prompt_config,backend/src/api/routes/v3/clients.py,698,True,platform_admin|company_admin,jwt_client_id_optional,policy_or_none,aisle_or_profile,json,False,mutates_state,none_declared,UNKNOWN,HIGH,HIGH,VERIFIED,POTENTIAL_BOLA,REGISTERED_AND_USED,False,False
EP-0042,GET,/api/v3/clients/{client_id}/suppliers/{supplier_id}/prompt-configs/active,v3,clients,get_active_supplier_prompt_config,backend/src/api/routes/v3/clients.py,728,True,platform_admin|company_admin,jwt_client_id_optional,policy_or_none,aisle_or_profile,none_or_query,False,read_only,none_declared,True,HIGH,HIGH,VERIFIED,POTENTIAL_BOLA,REGISTERED_AND_USED,False,False
EP-0043,GET,/api/v3/clients/{client_id}/suppliers/{supplier_id}/prompt-configs/{config_id},v3,clients,get_supplier_prompt_config,backend/src/api/routes/v3/clients.py,760,True,platform_admin|company_admin,jwt_client_id_optional,policy_or_none,aisle_or_profile,none_or_query,False,read_only,none_declared,True,HIGH,HIGH,VERIFIED,POTENTIAL_BOLA,REGISTERED_AND_USED,False,False
EP-0044,POST,/api/v3/clients/{client_id}/suppliers/{supplier_id}/prompt-configs/{config_id}/activate,v3,clients,activate_supplier_prompt_config,backend/src/api/routes/v3/clients.py,782,True,platform_admin|company_admin,jwt_client_id_optional,policy_or_none,aisle_or_profile,json,False,mutates_state,none_declared,UNKNOWN,HIGH,HIGH,VERIFIED,POTENTIAL_BOLA,REGISTERED_NOT_USED,False,False
EP-0045,GET,/api/v3/clients/{client_id}/suppliers/{supplier_id}/reference-images,v3,clients,list_supplier_reference_images,backend/src/api/routes/v3/clients.py,491,True,platform_admin|company_admin,jwt_client_id_optional,policy_or_none,aisle_or_profile,none_or_query,False,read_only,none_declared,True,HIGH,HIGH,VERIFIED,POTENTIAL_BOLA,REGISTERED_AND_USED,False,False
EP-0046,POST,/api/v3/clients/{client_id}/suppliers/{supplier_id}/reference-images,v3,clients,upload_supplier_reference_images,backend/src/api/routes/v3/clients.py,512,True,platform_admin|company_admin,jwt_client_id_optional,policy_or_none,aisle_or_profile,multipart,True,mutates_state,none_declared,UNKNOWN,HIGH,HIGH,VERIFIED,POTENTIAL_BOLA,REGISTERED_AND_USED,False,False
EP-0047,DELETE,/api/v3/clients/{client_id}/suppliers/{supplier_id}/reference-images/{image_id},v3,clients,delete_supplier_reference_image,backend/src/api/routes/v3/clients.py,561,True,platform_admin|company_admin,jwt_client_id_optional,policy_or_none,aisle_or_profile,none_or_query,False,mutates_state|deletes_or_soft_deletes,none_declared,UNKNOWN,HIGH,HIGH,VERIFIED,POTENTIAL_BOLA,REGISTERED_AND_USED,False,False
EP-0048,GET,/api/v3/clients/{client_id}/suppliers/{supplier_id}/reference-images/{image_id}/annotations,v3,clients,list_supplier_reference_annotations,backend/src/api/routes/v3/clients.py,1071,True,platform_admin|company_admin,jwt_client_id_optional,policy_or_none,aisle_or_profile,none_or_query,False,read_only,none_declared,True,HIGH,HIGH,VERIFIED,POTENTIAL_BOLA,REGISTERED_NOT_USED,False,False
EP-0049,PUT,/api/v3/clients/{client_id}/suppliers/{supplier_id}/reference-images/{image_id}/annotations,v3,clients,replace_supplier_reference_annotations,backend/src/api/routes/v3/clients.py,1099,True,platform_admin|company_admin,jwt_client_id_optional,policy_or_none,aisle_or_profile,json,False,mutates_state,none_declared,UNKNOWN,HIGH,HIGH,VERIFIED,POTENTIAL_BOLA,REGISTERED_NOT_USED,False,False
EP-0050,GET,/api/v3/clients/{client_id}/suppliers/{supplier_id}/reference-images/{image_id}/file,v3,clients,get_supplier_reference_image_file,backend/src/api/routes/v3/clients.py,635,True,platform_admin|company_admin,jwt_client_id_optional,policy_or_none,aisle_or_profile,none_or_query,False,read_only,none_declared,True,HIGH,HIGH,VERIFIED,POTENTIAL_BOLA,REGISTERED_AND_USED,False,False
EP-0051,GET,/api/v3/clients/{client_id}/suppliers/{supplier_id}/reference-images/{image_id}/image-display-url,v3,clients,get_supplier_reference_image_display_url,backend/src/api/routes/v3/clients.py,599,True,platform_admin|company_admin,jwt_client_id_optional,policy_or_none,aisle_or_profile,none_or_query,False,read_only,none_declared,True,HIGH,HIGH,VERIFIED,POTENTIAL_BOLA,REGISTERED_AND_USED,False,False
EP-0052,GET,/api/v3/config/extraction-profile-capabilities,v3,config,get_extraction_profile_capabilities,backend/src/api/routes/v3/config.py,49,True,platform_admin|company_admin,jwt_client_id_optional,policy_or_none,aisle_or_profile,none_or_query,False,read_only,none_declared,True,LOW,LOW,VERIFIED,AUTHORIZATION_UNKNOWN,REGISTERED_AND_USED,True,False
EP-0053,GET,/api/v3/config/processing-observability-capabilities,v3,config,get_processing_observability_capabilities,backend/src/api/routes/v3/config.py,77,True,platform_admin|company_admin,jwt_client_id_optional,policy_or_none,n/a,none_or_query,False,starts_processing|may_consume_ai,none_declared,True,HIGH,HIGH,VERIFIED,AUTHORIZATION_UNKNOWN,REGISTERED_AND_USED,True,False
EP-0054,GET,/api/v3/config/upload-limits,v3,config,get_upload_limits,backend/src/api/routes/v3/config.py,27,True,platform_admin|company_admin,jwt_client_id_optional,policy_or_none,n/a,none_or_query,False,stores_files,none_declared,True,HIGH,HIGH,VERIFIED,AUTHORIZATION_UNKNOWN,REGISTERED_AND_USED,True,True
EP-0055,GET,/api/v3/inventories/,v3,inventories,list_inventories,backend/src/api/routes/v3/inventories.py,190,True,platform_admin|company_admin,jwt_client_id_optional,policy_or_none,n/a,none_or_query,False,read_only,none_declared,True,CRITICAL,CRITICAL,VERIFIED,POTENTIAL_BOLA,REGISTERED_AND_USED,True,True
EP-0056,POST,/api/v3/inventories/,v3,inventories,create_inventory,backend/src/api/routes/v3/inventories.py,111,True,platform_admin|company_admin,jwt_client_id_optional,policy_or_none,n/a,json,False,mutates_state,none_declared,UNKNOWN,MEDIUM,MEDIUM,VERIFIED,AUTHORIZATION_UNKNOWN,REGISTERED_AND_USED,True,True
EP-0057,POST,/api/v3/inventories/bulk-soft-delete,v3,inventories,bulk_soft_delete_inventories,backend/src/api/routes/v3/inventories.py,137,True,platform_admin|company_admin,jwt_client_id_optional,policy_or_none,n/a,json,False,mutates_state|deletes_or_soft_deletes,none_declared,UNKNOWN,HIGH,HIGH,VERIFIED,AUTHORIZATION_UNKNOWN,REGISTERED_NOT_USED,False,False
EP-0058,GET,/api/v3/inventories/ordered-capture-sessions/{session_id},v3,inventories,get_ordered_capture_session,backend/src/api/routes/v3/ordered_capture.py,67,True,platform_admin|company_admin,jwt_client_id_optional,policy_or_none,n/a,none_or_query,False,read_only,none_declared,True,LOW,LOW,VERIFIED,AUTHORIZATION_UNKNOWN,REGISTERED_AND_USED,False,True
EP-0059,POST,/api/v3/inventories/ordered-capture-sessions/{session_id}/seal,v3,inventories,seal_ordered_capture_session,backend/src/api/routes/v3/ordered_capture.py,87,True,platform_admin|company_admin,jwt_client_id_optional,policy_or_none,n/a,json,False,mutates_state,none_declared,UNKNOWN,MEDIUM,MEDIUM,VERIFIED,AUTHORIZATION_UNKNOWN,REGISTERED_AND_USED,False,False
EP-0060,GET,/api/v3/inventories/processing-provider-options,v3,inventories,list_processing_provider_options,backend/src/api/routes/v3/inventories.py,229,True,platform_admin|company_admin,jwt_client_id_optional,policy_or_none,n/a,none_or_query,False,starts_processing|may_consume_ai,none_declared,True,HIGH,HIGH,VERIFIED,AUTHORIZATION_UNKNOWN,REGISTERED_AND_USED,True,False
EP-0061,GET,/api/v3/inventories/{inventory_id},v3,inventories,get_inventory,backend/src/api/routes/v3/inventories.py,409,True,platform_admin|company_admin,jwt_client_id_optional,policy_or_none,n/a,none_or_query,False,read_only,none_declared,True,CRITICAL,CRITICAL,VERIFIED,POTENTIAL_BOLA,REGISTERED_AND_USED,True,True
EP-0062,PATCH,/api/v3/inventories/{inventory_id},v3,inventories,update_inventory,backend/src/api/routes/v3/inventories.py,160,True,platform_admin|company_admin,jwt_client_id_optional,policy_or_none,n/a,json,False,mutates_state,none_declared,UNKNOWN,CRITICAL,CRITICAL,VERIFIED,POTENTIAL_BOLA,REGISTERED_AND_USED,True,True
EP-0063,GET,/api/v3/inventories/{inventory_id}/aisles,v3,aisles,list_aisles,backend/src/api/routes/v3/aisles.py,506,True,platform_admin|company_admin,jwt_client_id_optional,policy_or_none,n/a,none_or_query,False,read_only,none_declared,True,HIGH,HIGH,VERIFIED,POTENTIAL_BOLA,REGISTERED_AND_USED,False,True
EP-0064,POST,/api/v3/inventories/{inventory_id}/aisles,v3,aisles,create_aisle,backend/src/api/routes/v3/aisles.py,380,True,platform_admin|company_admin,jwt_client_id_optional,policy_or_none,n/a,json,False,mutates_state,none_declared,UNKNOWN,HIGH,HIGH,VERIFIED,POTENTIAL_BOLA,REGISTERED_AND_USED,False,True
EP-0065,PATCH,/api/v3/inventories/{inventory_id}/aisles/{aisle_id},v3,aisles,update_aisle_code,backend/src/api/routes/v3/aisles.py,411,True,platform_admin|company_admin,jwt_client_id_optional,policy_or_none,n/a,json,False,mutates_state,none_declared,UNKNOWN,HIGH,HIGH,VERIFIED,POTENTIAL_BOLA,REGISTERED_AND_USED,False,True
EP-0066,POST,/api/v3/inventories/{inventory_id}/aisles/{aisle_id}/activate,v3,aisles,activate_aisle,backend/src/api/routes/v3/aisles.py,483,True,platform_admin|company_admin,jwt_client_id_optional,policy_or_none,n/a,json,False,mutates_state,none_declared,UNKNOWN,HIGH,HIGH,VERIFIED,POTENTIAL_BOLA,REGISTERED_NOT_USED,False,False
EP-0067,GET,/api/v3/inventories/{inventory_id}/aisles/{aisle_id}/assets,v3,assets,list_aisle_assets,backend/src/api/routes/v3/assets.py,186,True,platform_admin|company_admin,jwt_client_id_optional,policy_or_none,n/a,none_or_query,False,read_only,none_declared,True,LOW,LOW,VERIFIED,CONTROL_VERIFIED,REGISTERED_AND_USED,False,True
EP-0068,POST,/api/v3/inventories/{inventory_id}/aisles/{aisle_id}/assets,v3,assets,upload_aisle_assets,backend/src/api/routes/v3/assets.py,113,True,platform_admin|company_admin,jwt_client_id_optional,policy_or_none,n/a,multipart,True,mutates_state|stores_files,none_declared,UNKNOWN,HIGH,HIGH,VERIFIED,CONTROL_VERIFIED,REGISTERED_AND_USED,False,True
EP-0069,DELETE,/api/v3/inventories/{inventory_id}/aisles/{aisle_id}/assets/{asset_id},v3,assets,delete_aisle_source_asset,backend/src/api/routes/v3/assets.py,389,True,platform_admin|company_admin,jwt_client_id_optional,policy_or_none,n/a,none_or_query,False,mutates_state|deletes_or_soft_deletes,none_declared,UNKNOWN,HIGH,HIGH,VERIFIED,CONTROL_VERIFIED,REGISTERED_AND_USED,False,True
EP-0070,PUT,/api/v3/inventories/{inventory_id}/aisles/{aisle_id}/assets/{asset_id}/authoritative-code-scan,v3,assets,put_authoritative_local_code_scan,backend/src/api/routes/v3/authoritative_local_code_scan.py,33,True,platform_admin|company_admin,jwt_client_id_optional,policy_or_none,n/a,json,False,mutates_state,none_declared,UNKNOWN,HIGH,HIGH,VERIFIED,POTENTIAL_BOLA,REGISTERED_NOT_USED,False,False
EP-0071,POST,/api/v3/inventories/{inventory_id}/aisles/{aisle_id}/assets/{asset_id}/authoritative-exclusion,v3,assets,post_authoritative_exclusion,backend/src/api/routes/v3/authoritative_aisle_finalization.py,102,True,platform_admin|company_admin,jwt_client_id_optional,policy_or_none,n/a,multipart,True,mutates_state|stores_files,none_declared,UNKNOWN,HIGH,HIGH,VERIFIED,POTENTIAL_BOLA,REGISTERED_NOT_USED,False,False
EP-0072,GET,/api/v3/inventories/{inventory_id}/aisles/{aisle_id}/assets/{asset_id}/file,v3,assets,get_aisle_asset_file,backend/src/api/routes/v3/assets.py,202,True,platform_admin|company_admin,jwt_client_id_optional,policy_or_none,n/a,none_or_query,False,read_only,none_declared,True,LOW,LOW,VERIFIED,CONTROL_VERIFIED,REGISTERED_AND_USED,False,False
EP-0073,GET,/api/v3/inventories/{inventory_id}/aisles/{aisle_id}/assets/{asset_id}/image-display-url,v3,assets,get_aisle_asset_image_display_url,backend/src/api/routes/v3/assets.py,302,True,platform_admin|company_admin,jwt_client_id_optional,policy_or_none,n/a,none_or_query,False,read_only,none_declared,True,LOW,LOW,VERIFIED,CONTROL_VERIFIED,REGISTERED_AND_USED,False,False
EP-0074,POST,/api/v3/inventories/{inventory_id}/aisles/{aisle_id}/assets/{source_asset_id}/manual-result,v3,assets,create_manual_image_result,backend/src/api/routes/v3/image_results.py,158,True,platform_admin|company_admin,jwt_client_id_optional,policy_or_none,n/a,multipart,True,mutates_state|stores_files,none_declared,UNKNOWN,HIGH,HIGH,VERIFIED,POTENTIAL_BOLA,REGISTERED_AND_USED,False,False
EP-0075,GET,/api/v3/inventories/{inventory_id}/aisles/{aisle_id}/authoritative-readiness,v3,authoritative_local,get_authoritative_aisle_readiness,backend/src/api/routes/v3/authoritative_aisle_finalization.py,56,True,platform_admin|company_admin,jwt_client_id_optional,policy_or_none,n/a,none_or_query,False,read_only,none_declared,True,HIGH,HIGH,VERIFIED,POTENTIAL_BOLA,REGISTERED_NOT_USED,False,False
EP-0076,GET,/api/v3/inventories/{inventory_id}/aisles/{aisle_id}/benchmark/compare,v3,aisles,compare_aisle_benchmark_runs,backend/src/api/routes/v3/aisles.py,1999,True,platform_admin|company_admin,jwt_client_id_optional,policy_or_none,n/a,none_or_query,False,read_only,none_declared,True,HIGH,HIGH,VERIFIED,POTENTIAL_BOLA,REGISTERED_AND_USED,False,False
EP-0077,POST,/api/v3/inventories/{inventory_id}/aisles/{aisle_id}/benchmark/compare-many,v3,aisles,compare_many_aisle_benchmark_runs,backend/src/api/routes/v3/aisles.py,2034,True,platform_admin|company_admin,jwt_client_id_optional,policy_or_none,n/a,json,False,mutates_state,none_declared,UNKNOWN,HIGH,HIGH,VERIFIED,POTENTIAL_BOLA,REGISTERED_AND_USED,False,False
EP-0078,GET,/api/v3/inventories/{inventory_id}/aisles/{aisle_id}/benchmark/export,v3,aisles,export_aisle_benchmark,backend/src/api/routes/v3/aisles.py,2093,True,platform_admin|company_admin,jwt_client_id_optional,policy_or_none,n/a,none_or_query,False,downloads_export,none_declared,True,CRITICAL,CRITICAL,VERIFIED,POTENTIAL_BOLA,REGISTERED_AND_USED,False,False
EP-0079,POST,/api/v3/inventories/{inventory_id}/aisles/{aisle_id}/capture-sessions,v3,capture,create_capture_session,backend/src/api/routes/v3/capture_sessions.py,177,True,platform_admin|company_admin,jwt_client_id_optional,policy_or_none,n/a,json,False,mutates_state,none_declared,UNKNOWN,HIGH,HIGH,VERIFIED,POTENTIAL_BOLA,REGISTERED_AND_USED,False,False
EP-0080,POST,/api/v3/inventories/{inventory_id}/aisles/{aisle_id}/capture-sessions/{session_id}/cancel,v3,capture,cancel_capture_session,backend/src/api/routes/v3/capture_sessions.py,253,True,platform_admin|company_admin,jwt_client_id_optional,policy_or_none,n/a,json,False,mutates_state,none_declared,UNKNOWN,HIGH,HIGH,VERIFIED,POTENTIAL_BOLA,REGISTERED_AND_USED,False,False
EP-0081,PATCH,/api/v3/inventories/{inventory_id}/aisles/{aisle_id}/capture-sessions/{session_id}/clock-offset,v3,capture,patch_capture_session_clock_offset,backend/src/api/routes/v3/capture_sessions.py,314,True,platform_admin|company_admin,jwt_client_id_optional,policy_or_none,n/a,json,False,mutates_state,none_declared,UNKNOWN,HIGH,HIGH,VERIFIED,POTENTIAL_BOLA,REGISTERED_AND_USED,False,False
EP-0082,POST,/api/v3/inventories/{inventory_id}/aisles/{aisle_id}/capture-sessions/{session_id}/close,v3,capture,close_capture_session,backend/src/api/routes/v3/capture_sessions.py,214,True,platform_admin|company_admin,jwt_client_id_optional,policy_or_none,n/a,json,False,mutates_state,none_declared,UNKNOWN,HIGH,HIGH,VERIFIED,POTENTIAL_BOLA,REGISTERED_AND_USED,False,False
EP-0083,POST,/api/v3/inventories/{inventory_id}/aisles/{aisle_id}/capture-sessions/{session_id}/items,v3,capture,upload_capture_session_staging_items,backend/src/api/routes/v3/capture_sessions.py,622,True,platform_admin|company_admin,jwt_client_id_optional,policy_or_none,n/a,json,False,mutates_state,none_declared,UNKNOWN,MEDIUM,MEDIUM,VERIFIED,CONTROL_VERIFIED,REGISTERED_AND_USED,False,False
EP-0084,POST,/api/v3/inventories/{inventory_id}/aisles/{aisle_id}/capture-sessions/{session_id}/materialize,v3,capture,post_capture_session_materialize,backend/src/api/routes/v3/capture_sessions.py,364,True,platform_admin|company_admin,jwt_client_id_optional,policy_or_none,n/a,json,False,mutates_state,none_declared,UNKNOWN,HIGH,HIGH,VERIFIED,POTENTIAL_BOLA,REGISTERED_AND_USED,False,False
EP-0085,POST,/api/v3/inventories/{inventory_id}/aisles/{aisle_id}/capture-sessions/{session_id}/preview-assignment,v3,capture,post_capture_session_preview_assignment,backend/src/api/routes/v3/capture_sessions.py,342,True,platform_admin|company_admin,jwt_client_id_optional,policy_or_none,n/a,json,False,mutates_state|import_workflow,none_declared,UNKNOWN,HIGH,HIGH,VERIFIED,POTENTIAL_BOLA,REGISTERED_AND_USED,False,False
EP-0086,GET,/api/v3/inventories/{inventory_id}/aisles/{aisle_id}/code-scans,v3,code_scans,list_aisle_code_scans,backend/src/api/routes/v3/code_scans.py,145,True,platform_admin|company_admin,jwt_client_id_optional,policy_or_none,n/a,none_or_query,False,read_only,none_declared,True,HIGH,HIGH,VERIFIED,POTENTIAL_BOLA,REGISTERED_AND_USED,False,False
EP-0087,GET,/api/v3/inventories/{inventory_id}/aisles/{aisle_id}/code-scans/export,v3,code_scans,export_aisle_code_scans,backend/src/api/routes/v3/code_scans.py,255,True,platform_admin|company_admin,jwt_client_id_optional,policy_or_none,n/a,none_or_query,False,downloads_export,none_declared,True,CRITICAL,CRITICAL,VERIFIED,POTENTIAL_BOLA,REGISTERED_AND_USED,False,False
EP-0088,GET,/api/v3/inventories/{inventory_id}/aisles/{aisle_id}/code-scans/review-signals,v3,code_scans,get_aisle_code_scan_review_signals,backend/src/api/routes/v3/code_scans.py,205,True,platform_admin|company_admin,jwt_client_id_optional,policy_or_none,n/a,none_or_query,False,read_only,none_declared,True,HIGH,HIGH,VERIFIED,POTENTIAL_BOLA,REGISTERED_AND_USED,False,False
EP-0089,POST,/api/v3/inventories/{inventory_id}/aisles/{aisle_id}/code-scans/run,v3,code_scans,run_aisle_code_scan,backend/src/api/routes/v3/code_scans.py,97,True,platform_admin|company_admin,jwt_client_id_optional,policy_or_none,n/a,json,False,mutates_state,none_declared,UNKNOWN,HIGH,HIGH,VERIFIED,POTENTIAL_BOLA,REGISTERED_AND_USED,False,False
EP-0090,GET,/api/v3/inventories/{inventory_id}/aisles/{aisle_id}/code-scans/summary,v3,code_scans,summarize_aisle_code_scans,backend/src/api/routes/v3/code_scans.py,168,True,platform_admin|company_admin,jwt_client_id_optional,policy_or_none,n/a,none_or_query,False,read_only,none_declared,True,HIGH,HIGH,VERIFIED,POTENTIAL_BOLA,REGISTERED_AND_USED,False,False
EP-0091,POST,/api/v3/inventories/{inventory_id}/aisles/{aisle_id}/deactivate,v3,aisles,deactivate_aisle,backend/src/api/routes/v3/aisles.py,460,True,platform_admin|company_admin,jwt_client_id_optional,policy_or_none,n/a,json,False,mutates_state,none_declared,UNKNOWN,HIGH,HIGH,VERIFIED,POTENTIAL_BOLA,REGISTERED_NOT_USED,False,False
EP-0092,GET,/api/v3/inventories/{inventory_id}/aisles/{aisle_id}/execution-log,v3,aisles,get_aisle_aggregated_execution_log,backend/src/api/routes/v3/aisles.py,764,True,observability_capability,jwt_client_id_optional,policy_or_none,n/a,none_or_query,False,read_only,none_declared,True,HIGH,HIGH,VERIFIED,POTENTIAL_BOLA,REGISTERED_AND_USED,False,False
EP-0093,GET,/api/v3/inventories/{inventory_id}/aisles/{aisle_id}/execution-log.txt,v3,aisles,get_aisle_aggregated_execution_log_txt,backend/src/api/routes/v3/aisles.py,794,True,observability_capability,jwt_client_id_optional,policy_or_none,n/a,none_or_query,False,read_only,none_declared,True,HIGH,HIGH,VERIFIED,POTENTIAL_BOLA,REGISTERED_AND_USED,False,False
EP-0094,GET,/api/v3/inventories/{inventory_id}/aisles/{aisle_id}/export,v3,aisles,export_aisle_results_csv,backend/src/api/routes/v3/aisles.py,1937,True,platform_admin|company_admin,jwt_client_id_optional,policy_or_none,n/a,none_or_query,False,downloads_export,none_declared,True,CRITICAL,CRITICAL,VERIFIED,POTENTIAL_BOLA,REGISTERED_AND_USED,False,False
EP-0095,POST,/api/v3/inventories/{inventory_id}/aisles/{aisle_id}/finalize-authoritative,v3,authoritative_local,post_finalize_authoritative_aisle,backend/src/api/routes/v3/authoritative_aisle_finalization.py,169,True,platform_admin|company_admin,jwt_client_id_optional,policy_or_none,n/a,json,False,mutates_state,none_declared,UNKNOWN,HIGH,HIGH,VERIFIED,POTENTIAL_BOLA,REGISTERED_NOT_USED,False,False
EP-0096,GET,/api/v3/inventories/{inventory_id}/aisles/{aisle_id}/jobs,v3,jobs_processing,list_aisle_jobs,backend/src/api/routes/v3/aisles.py,736,True,platform_admin|company_admin,jwt_client_id_optional,policy_or_none,n/a,none_or_query,False,read_only,none_declared,True,HIGH,HIGH,VERIFIED,POTENTIAL_BOLA,REGISTERED_AND_USED,False,True
EP-0097,GET,/api/v3/inventories/{inventory_id}/aisles/{aisle_id}/jobs/{job_id},v3,jobs_processing,get_aisle_job_detail,backend/src/api/routes/v3/aisles.py,899,True,observability_capability,jwt_client_id_optional,policy_or_none,n/a,none_or_query,False,read_only,none_declared,True,HIGH,HIGH,VERIFIED,POTENTIAL_BOLA,REGISTERED_AND_USED,False,False
EP-0098,GET,/api/v3/inventories/{inventory_id}/aisles/{aisle_id}/jobs/{job_id}/artifacts,v3,jobs_processing,list_job_artifacts,backend/src/api/routes/v3/aisles.py,1144,True,observability_capability,jwt_client_id_optional,policy_or_none,n/a,none_or_query,False,read_only,none_declared,True,HIGH,HIGH,VERIFIED,POTENTIAL_BOLA,REGISTERED_NOT_USED,False,False
EP-0099,GET,/api/v3/inventories/{inventory_id}/aisles/{aisle_id}/jobs/{job_id}/artifacts/{artifact_id},v3,jobs_processing,get_job_artifact_metadata,backend/src/api/routes/v3/aisles.py,1188,True,observability_capability,jwt_client_id_optional,policy_or_none,n/a,none_or_query,False,read_only,none_declared,True,HIGH,HIGH,VERIFIED,POTENTIAL_BOLA,REGISTERED_NOT_USED,False,False
EP-0100,GET,/api/v3/inventories/{inventory_id}/aisles/{aisle_id}/jobs/{job_id}/artifacts/{artifact_id}/download,v3,jobs_processing,download_job_artifact,backend/src/api/routes/v3/aisles.py,1212,True,observability_capability,jwt_client_id_optional,policy_or_none,n/a,none_or_query,False,read_only,none_declared,True,HIGH,HIGH,VERIFIED,POTENTIAL_BOLA,REGISTERED_NOT_USED,False,False
EP-0101,GET,/api/v3/inventories/{inventory_id}/aisles/{aisle_id}/jobs/{job_id}/artifacts/{artifact_id}/preview,v3,jobs_processing,preview_job_artifact,backend/src/api/routes/v3/aisles.py,1342,True,observability_capability,jwt_client_id_optional,policy_or_none,n/a,none_or_query,False,read_only,none_declared,True,HIGH,HIGH,VERIFIED,POTENTIAL_BOLA,REGISTERED_NOT_USED,False,False
EP-0102,GET,/api/v3/inventories/{inventory_id}/aisles/{aisle_id}/jobs/{job_id}/assets/processing,v3,assets,list_asset_processing,backend/src/api/routes/v3/processing_observability.py,116,True,platform_admin|company_admin,jwt_client_id_optional,policy_or_none,n/a,none_or_query,False,starts_processing|may_consume_ai,none_declared,True,HIGH,HIGH,VERIFIED,POTENTIAL_BOLA,REGISTERED_NOT_USED,False,False
EP-0103,POST,/api/v3/inventories/{inventory_id}/aisles/{aisle_id}/jobs/{job_id}/assets/{asset_id}/invalidate-result,v3,assets,invalidate_asset_result,backend/src/api/routes/v3/processing_observability.py,310,True,platform_admin|company_admin,jwt_client_id_optional,policy_or_none,n/a,multipart,True,mutates_state|stores_files|starts_processing|may_consume_ai,none_declared,UNKNOWN,HIGH,HIGH,VERIFIED,POTENTIAL_BOLA,REGISTERED_NOT_USED,False,False
EP-0104,GET,/api/v3/inventories/{inventory_id}/aisles/{aisle_id}/jobs/{job_id}/assets/{asset_id}/processing-detail,v3,assets,get_asset_processing_detail,backend/src/api/routes/v3/processing_observability.py,170,True,platform_admin|company_admin,jwt_client_id_optional,policy_or_none,n/a,none_or_query,False,starts_processing|may_consume_ai,none_declared,True,HIGH,HIGH,VERIFIED,POTENTIAL_BOLA,REGISTERED_NOT_USED,False,False
EP-0105,GET,/api/v3/inventories/{inventory_id}/aisles/{aisle_id}/jobs/{job_id}/assets/{asset_id}/processing-events,v3,assets,list_processing_events,backend/src/api/routes/v3/processing_observability.py,219,True,platform_admin|company_admin,jwt_client_id_optional,policy_or_none,n/a,none_or_query,False,starts_processing|may_consume_ai,none_declared,True,HIGH,HIGH,VERIFIED,POTENTIAL_BOLA,REGISTERED_NOT_USED,False,False
EP-0106,GET,/api/v3/inventories/{inventory_id}/aisles/{aisle_id}/jobs/{job_id}/assets/{asset_id}/processing-events/export,v3,assets,export_processing_events,backend/src/api/routes/v3/processing_observability.py,413,True,platform_admin|company_admin,jwt_client_id_optional,policy_or_none,n/a,none_or_query,False,starts_processing|may_consume_ai|downloads_export,none_declared,True,HIGH,HIGH,VERIFIED,POTENTIAL_BOLA,REGISTERED_NOT_USED,False,False
EP-0107,POST,/api/v3/inventories/{inventory_id}/aisles/{aisle_id}/jobs/{job_id}/assets/{asset_id}/reprocess,v3,assets,reprocess_asset,backend/src/api/routes/v3/processing_observability.py,273,True,platform_admin|company_admin,jwt_client_id_optional,policy_or_none,n/a,multipart,True,mutates_state|stores_files|starts_processing|may_consume_ai,none_declared,UNKNOWN,HIGH,HIGH,VERIFIED,POTENTIAL_BOLA,REGISTERED_NOT_USED,False,False
EP-0108,POST,/api/v3/inventories/{inventory_id}/aisles/{aisle_id}/jobs/{job_id}/assets/{asset_id}/retry-persistence,v3,assets,retry_asset_persistence,backend/src/api/routes/v3/processing_observability.py,343,True,platform_admin|company_admin,jwt_client_id_optional,policy_or_none,n/a,multipart,True,mutates_state|stores_files|starts_processing|may_consume_ai,none_declared,UNKNOWN,HIGH,HIGH,VERIFIED,POTENTIAL_BOLA,REGISTERED_NOT_USED,False,False
EP-0109,POST,/api/v3/inventories/{inventory_id}/aisles/{aisle_id}/jobs/{job_id}/assets/{asset_id}/send-to-external,v3,assets,send_asset_to_external,backend/src/api/routes/v3/processing_observability.py,378,True,platform_admin|company_admin,jwt_client_id_optional,policy_or_none,n/a,multipart,True,mutates_state|stores_files|starts_processing|may_consume_ai,none_declared,UNKNOWN,HIGH,HIGH,VERIFIED,POTENTIAL_BOLA,REGISTERED_NOT_USED,False,False
EP-0110,GET,/api/v3/inventories/{inventory_id}/aisles/{aisle_id}/jobs/{job_id}/auditability,v3,jobs_processing,get_job_run_auditability,backend/src/api/routes/v3/aisles.py,1085,True,observability_capability,jwt_client_id_optional,policy_or_none,n/a,none_or_query,False,read_only,none_declared,True,HIGH,HIGH,VERIFIED,POTENTIAL_BOLA,REGISTERED_AND_USED,False,False
EP-0111,POST,/api/v3/inventories/{inventory_id}/aisles/{aisle_id}/jobs/{job_id}/cancel,v3,jobs_processing,cancel_aisle_job,backend/src/api/routes/v3/aisles.py,827,True,observability_capability,jwt_client_id_optional,policy_or_none,n/a,json,False,mutates_state|starts_processing|may_consume_ai,none_declared,UNKNOWN,HIGH,HIGH,VERIFIED,POTENTIAL_BOLA,REGISTERED_AND_USED,False,False
EP-0112,GET,/api/v3/inventories/{inventory_id}/aisles/{aisle_id}/jobs/{job_id}/errors,v3,jobs_processing,get_job_errors,backend/src/api/routes/v3/aisles.py,1730,True,observability_capability,jwt_client_id_optional,policy_or_none,n/a,none_or_query,False,read_only,none_declared,True,HIGH,HIGH,VERIFIED,POTENTIAL_BOLA,REGISTERED_NOT_USED,False,False
EP-0113,GET,/api/v3/inventories/{inventory_id}/aisles/{aisle_id}/jobs/{job_id}/execution-log,v3,jobs_processing,get_job_execution_log,backend/src/api/routes/v3/aisles.py,971,True,observability_capability,jwt_client_id_optional,policy_or_none,n/a,none_or_query,False,read_only,none_declared,True,HIGH,HIGH,VERIFIED,POTENTIAL_BOLA,REGISTERED_AND_USED,False,False
EP-0114,GET,/api/v3/inventories/{inventory_id}/aisles/{aisle_id}/jobs/{job_id}/execution-log.txt,v3,jobs_processing,get_job_execution_log_txt,backend/src/api/routes/v3/aisles.py,1010,True,observability_capability,jwt_client_id_optional,policy_or_none,n/a,none_or_query,False,read_only,none_declared,True,HIGH,HIGH,VERIFIED,POTENTIAL_BOLA,REGISTERED_AND_USED,False,False
EP-0115,GET,/api/v3/inventories/{inventory_id}/aisles/{aisle_id}/jobs/{job_id}/execution-log/page,v3,jobs_processing,get_job_execution_log_page,backend/src/api/routes/v3/aisles.py,1491,True,observability_capability,jwt_client_id_optional,policy_or_none,n/a,none_or_query,False,read_only,none_declared,True,HIGH,HIGH,VERIFIED,POTENTIAL_BOLA,REGISTERED_NOT_USED,False,False
EP-0116,GET,/api/v3/inventories/{inventory_id}/aisles/{aisle_id}/jobs/{job_id}/hybrid-report,v3,jobs_processing,get_job_hybrid_report,backend/src/api/routes/v3/aisles.py,1053,True,observability_capability,jwt_client_id_optional,policy_or_none,n/a,none_or_query,False,read_only,none_declared,True,HIGH,HIGH,VERIFIED,POTENTIAL_BOLA,REGISTERED_AND_USED,False,False
EP-0117,GET,/api/v3/inventories/{inventory_id}/aisles/{aisle_id}/jobs/{job_id}/image-results,v3,jobs_processing,list_job_image_results,backend/src/api/routes/v3/image_results.py,61,True,platform_admin|company_admin,jwt_client_id_optional,policy_or_none,n/a,none_or_query,False,read_only,none_declared,True,HIGH,HIGH,VERIFIED,POTENTIAL_BOLA,REGISTERED_AND_USED,False,False
EP-0118,POST,/api/v3/inventories/{inventory_id}/aisles/{aisle_id}/jobs/{job_id}/retry,v3,jobs_processing,retry_aisle_job,backend/src/api/routes/v3/aisles.py,867,True,observability_capability,jwt_client_id_optional,policy_or_none,n/a,json,False,mutates_state|starts_processing|may_consume_ai,none_declared,UNKNOWN,HIGH,HIGH,VERIFIED,POTENTIAL_BOLA,REGISTERED_AND_USED,False,False
EP-0119,GET,/api/v3/inventories/{inventory_id}/aisles/{aisle_id}/jobs/{job_id}/retry-chain,v3,jobs_processing,get_job_retry_chain,backend/src/api/routes/v3/aisles.py,1439,True,observability_capability,jwt_client_id_optional,policy_or_none,n/a,none_or_query,False,read_only,none_declared,True,HIGH,HIGH,VERIFIED,POTENTIAL_BOLA,REGISTERED_NOT_USED,False,False
EP-0120,GET,/api/v3/inventories/{inventory_id}/aisles/{aisle_id}/jobs/{job_id}/timeline,v3,jobs_processing,get_job_timeline,backend/src/api/routes/v3/aisles.py,1604,True,observability_capability,jwt_client_id_optional,policy_or_none,n/a,none_or_query,False,read_only,none_declared,True,HIGH,HIGH,VERIFIED,POTENTIAL_BOLA,REGISTERED_NOT_USED,False,False
EP-0121,GET,/api/v3/inventories/{inventory_id}/aisles/{aisle_id}/jobs/{job_id}/traceability,v3,jobs_processing,get_job_traceability,backend/src/api/routes/v3/aisles.py,945,True,observability_capability,jwt_client_id_optional,policy_or_none,n/a,none_or_query,False,read_only,none_declared,True,HIGH,HIGH,VERIFIED,POTENTIAL_BOLA,REGISTERED_AND_USED,False,False
EP-0122,POST,/api/v3/inventories/{inventory_id}/aisles/{aisle_id}/labels/batch-render,v3,aisles,batch_render_aisle_location_labels,backend/src/api/routes/v3/aisle_locations.py,526,True,platform_admin|company_admin,jwt_client_id_optional,policy_or_none,n/a,json,False,mutates_state,none_declared,UNKNOWN,MEDIUM,MEDIUM,VERIFIED,CONTROL_VERIFIED,REGISTERED_NOT_USED,False,False
EP-0123,GET,/api/v3/inventories/{inventory_id}/aisles/{aisle_id}/locations,v3,aisle_locations,list_aisle_locations,backend/src/api/routes/v3/aisle_locations.py,120,True,platform_admin|company_admin,jwt_client_id_optional,policy_or_none,n/a,none_or_query,False,read_only,none_declared,True,LOW,LOW,VERIFIED,CONTROL_VERIFIED,REGISTERED_NOT_USED,False,False
EP-0124,POST,/api/v3/inventories/{inventory_id}/aisles/{aisle_id}/locations,v3,aisle_locations,create_aisle_location,backend/src/api/routes/v3/aisle_locations.py,89,True,platform_admin|company_admin,jwt_client_id_optional,policy_or_none,n/a,json,False,mutates_state,none_declared,UNKNOWN,MEDIUM,MEDIUM,VERIFIED,CONTROL_VERIFIED,REGISTERED_NOT_USED,False,False
EP-0125,GET,/api/v3/inventories/{inventory_id}/aisles/{aisle_id}/locations/{location_id},v3,aisle_locations,get_aisle_location,backend/src/api/routes/v3/aisle_locations.py,160,True,platform_admin|company_admin,jwt_client_id_optional,policy_or_none,n/a,none_or_query,False,read_only,none_declared,True,LOW,LOW,VERIFIED,CONTROL_VERIFIED,REGISTERED_NOT_USED,False,False
EP-0126,PATCH,/api/v3/inventories/{inventory_id}/aisles/{aisle_id}/locations/{location_id},v3,aisle_locations,update_aisle_location,backend/src/api/routes/v3/aisle_locations.py,190,True,platform_admin|company_admin,jwt_client_id_optional,policy_or_none,n/a,json,False,mutates_state,none_declared,UNKNOWN,MEDIUM,MEDIUM,VERIFIED,CONTROL_VERIFIED,REGISTERED_NOT_USED,False,False
EP-0127,POST,/api/v3/inventories/{inventory_id}/aisles/{aisle_id}/merge,v3,aisles,run_aisle_merge,backend/src/api/routes/v3/aisles.py,1850,True,platform_admin|company_admin,jwt_client_id_optional,policy_or_none,n/a,json,False,mutates_state,none_declared,UNKNOWN,HIGH,HIGH,VERIFIED,POTENTIAL_BOLA,REGISTERED_AND_USED,False,False
EP-0128,GET,/api/v3/inventories/{inventory_id}/aisles/{aisle_id}/merge-results,v3,aisles,get_aisle_merge_results,backend/src/api/routes/v3/aisles.py,1892,True,platform_admin|company_admin,jwt_client_id_optional,policy_or_none,n/a,none_or_query,False,read_only,none_declared,True,HIGH,HIGH,VERIFIED,POTENTIAL_BOLA,REGISTERED_AND_USED,False,False
EP-0129,POST,/api/v3/inventories/{inventory_id}/aisles/{aisle_id}/ordered-capture-sessions,v3,aisles,create_ordered_capture_session,backend/src/api/routes/v3/ordered_capture.py,39,True,platform_admin|company_admin,jwt_client_id_optional,policy_or_none,n/a,json,False,mutates_state,none_declared,UNKNOWN,MEDIUM,MEDIUM,VERIFIED,CONTROL_VERIFIED,REGISTERED_AND_USED,False,False
EP-0130,GET,/api/v3/inventories/{inventory_id}/aisles/{aisle_id}/positioning-operational-view,v3,aisles,get_positioning_operational_view,backend/src/api/routes/v3/positioning_operational.py,45,True,platform_admin|company_admin,jwt_client_id_optional,policy_or_none,n/a,none_or_query,False,read_only,none_declared,True,HIGH,HIGH,VERIFIED,POTENTIAL_BOLA,REGISTERED_NOT_USED,False,False
EP-0131,GET,/api/v3/inventories/{inventory_id}/aisles/{aisle_id}/positioning-sequence,v3,aisles,get_positioning_sequence,backend/src/api/routes/v3/positioning_operational.py,73,True,platform_admin|company_admin,jwt_client_id_optional,policy_or_none,n/a,none_or_query,False,read_only,none_declared,True,HIGH,HIGH,VERIFIED,POTENTIAL_BOLA,REGISTERED_NOT_USED,False,False
EP-0132,GET,/api/v3/inventories/{inventory_id}/aisles/{aisle_id}/positioning-warnings,v3,aisles,get_positioning_warnings,backend/src/api/routes/v3/positioning_operational.py,111,True,platform_admin|company_admin,jwt_client_id_optional,policy_or_none,n/a,none_or_query,False,read_only,none_declared,True,HIGH,HIGH,VERIFIED,POTENTIAL_BOLA,REGISTERED_NOT_USED,False,False
EP-0133,GET,/api/v3/inventories/{inventory_id}/aisles/{aisle_id}/positions,v3,positions,list_aisle_positions,backend/src/api/routes/v3/positions.py,336,True,platform_admin|company_admin,jwt_client_id_optional,policy_or_none,n/a,none_or_query,False,read_only,none_declared,True,HIGH,HIGH,VERIFIED,POTENTIAL_BOLA,REGISTERED_AND_USED,False,False
EP-0134,GET,/api/v3/inventories/{inventory_id}/aisles/{aisle_id}/positions/by-position,v3,positions,list_aisle_positions_by_position,backend/src/api/routes/v3/positions.py,439,True,platform_admin|company_admin,jwt_client_id_optional,policy_or_none,n/a,none_or_query,False,read_only,none_declared,True,HIGH,HIGH,VERIFIED,POTENTIAL_BOLA,REGISTERED_NOT_USED,False,False
EP-0135,POST,/api/v3/inventories/{inventory_id}/aisles/{aisle_id}/positions/merge,v3,positions,confirm_merge_positions,backend/src/api/routes/v3/positions.py,784,True,platform_admin|company_admin,jwt_client_id_optional,policy_or_none,n/a,json,False,mutates_state,none_declared,UNKNOWN,HIGH,HIGH,VERIFIED,POTENTIAL_BOLA,REGISTERED_NOT_USED,False,False
EP-0136,POST,/api/v3/inventories/{inventory_id}/aisles/{aisle_id}/positions/merge/preview,v3,positions,preview_merge_positions,backend/src/api/routes/v3/positions.py,757,True,platform_admin|company_admin,jwt_client_id_optional,policy_or_none,n/a,json,False,mutates_state|import_workflow,none_declared,UNKNOWN,HIGH,HIGH,VERIFIED,POTENTIAL_BOLA,REGISTERED_AND_USED,True,False
EP-0137,GET,/api/v3/inventories/{inventory_id}/aisles/{aisle_id}/positions/{position_id},v3,positions,get_position_detail,backend/src/api/routes/v3/positions.py,627,True,platform_admin|company_admin,jwt_client_id_optional,policy_or_none,n/a,none_or_query,False,read_only,none_declared,True,HIGH,HIGH,VERIFIED,POTENTIAL_BOLA,REGISTERED_AND_USED,False,False
EP-0138,GET,/api/v3/inventories/{inventory_id}/aisles/{aisle_id}/positions/{position_id}/code-scan-evidence,v3,positions,get_position_code_scan_evidence,backend/src/api/routes/v3/positions.py,673,True,platform_admin|company_admin,jwt_client_id_optional,policy_or_none,n/a,none_or_query,False,read_only,none_declared,True,HIGH,HIGH,VERIFIED,POTENTIAL_BOLA,REGISTERED_AND_USED,False,False
EP-0139,POST,/api/v3/inventories/{inventory_id}/aisles/{aisle_id}/positions/{position_id}/reviews,v3,positions,submit_review_action,backend/src/api/routes/v3/reviews.py,114,True,platform_admin|company_admin,jwt_client_id_optional,policy_or_none,n/a,json,False,mutates_state,none_declared,UNKNOWN,HIGH,HIGH,VERIFIED,POTENTIAL_BOLA,REGISTERED_AND_USED,False,False
EP-0140,PUT,/api/v3/inventories/{inventory_id}/aisles/{aisle_id}/preliminary-detections/{draft_id},v3,preliminary,upsert_preliminary_detection,backend/src/api/routes/v3/preliminary_detections.py,38,True,platform_admin|company_admin,jwt_client_id_optional,policy_or_none,n/a,json,False,mutates_state,none_declared,UNKNOWN,MEDIUM,MEDIUM,VERIFIED,CONTROL_VERIFIED,REGISTERED_AND_USED,False,False
EP-0141,GET,/api/v3/inventories/{inventory_id}/aisles/{aisle_id}/preliminary-reconciliations,v3,preliminary,list_preliminary_reconciliations,backend/src/api/routes/v3/preliminary_reconciliations.py,119,True,platform_admin|company_admin,jwt_client_id_optional,policy_or_none,n/a,none_or_query,False,read_only,none_declared,True,HIGH,HIGH,VERIFIED,POTENTIAL_BOLA,REGISTERED_AND_USED,False,False
EP-0142,POST,/api/v3/inventories/{inventory_id}/aisles/{aisle_id}/process,v3,jobs_processing,start_aisle_processing,backend/src/api/routes/v3/aisles.py,575,True,platform_admin|company_admin,jwt_client_id_optional,policy_or_none,n/a,json,False,mutates_state|starts_processing|may_consume_ai,none_declared,UNKNOWN,HIGH,HIGH,VERIFIED,CONTROL_VERIFIED,REGISTERED_AND_USED,False,False
EP-0143,GET,/api/v3/inventories/{inventory_id}/aisles/{aisle_id}/processing-state,v3,jobs_processing,get_aisle_processing_state,backend/src/api/routes/v3/aisles.py,650,True,platform_admin|company_admin,jwt_client_id_optional,policy_or_none,n/a,none_or_query,False,starts_processing|may_consume_ai,none_declared,True,HIGH,HIGH,VERIFIED,POTENTIAL_BOLA,REGISTERED_AND_USED,False,True
EP-0144,POST,/api/v3/inventories/{inventory_id}/aisles/{aisle_id}/processing/recover,v3,jobs_processing,recover_aisle_processing,backend/src/api/routes/v3/aisles.py,686,True,platform_admin|company_admin,jwt_client_id_optional,policy_or_none,n/a,json,False,mutates_state|starts_processing|may_consume_ai,none_declared,UNKNOWN,HIGH,HIGH,VERIFIED,CONTROL_VERIFIED,REGISTERED_AND_USED,False,True
EP-0145,POST,/api/v3/inventories/{inventory_id}/aisles/{aisle_id}/promote-operational,v3,aisles,promote_aisle_operational_job,backend/src/api/routes/v3/aisles.py,2066,True,platform_admin|company_admin,jwt_client_id_optional,policy_or_none,n/a,json,False,mutates_state,none_declared,UNKNOWN,HIGH,HIGH,VERIFIED,POTENTIAL_BOLA,REGISTERED_AND_USED,False,False
EP-0146,POST,/api/v3/inventories/{inventory_id}/aisles/{aisle_id}/reconcile-preliminary-detections,v3,aisles,reconcile_preliminary_detections,backend/src/api/routes/v3/preliminary_reconciliations.py,69,True,platform_admin|company_admin,jwt_client_id_optional,policy_or_none,n/a,json,False,mutates_state,none_declared,UNKNOWN,HIGH,HIGH,VERIFIED,POTENTIAL_BOLA,REGISTERED_AND_USED,False,False
EP-0147,POST,/api/v3/inventories/{inventory_id}/aisles/{aisle_id}/reprocess,v3,server_reprocess,reprocess_aisle_positioning,backend/src/api/routes/v3/positioning_operational.py,134,True,platform_admin|company_admin,jwt_client_id_optional,policy_or_none,n/a,json,False,mutates_state|starts_processing|may_consume_ai,none_declared,UNKNOWN,HIGH,HIGH,VERIFIED,POTENTIAL_BOLA,REGISTERED_AND_USED,False,False
EP-0148,GET,/api/v3/inventories/{inventory_id}/aisles/{aisle_id}/revision-capabilities,v3,aisles,get_revision_capabilities,backend/src/api/routes/v3/aisle_revisions.py,141,True,platform_admin|company_admin,jwt_client_id_optional,policy_or_none,n/a,none_or_query,False,read_only,none_declared,True,HIGH,HIGH,VERIFIED,POTENTIAL_BOLA,REGISTERED_NOT_USED,False,False
EP-0149,GET,/api/v3/inventories/{inventory_id}/aisles/{aisle_id}/revision-history,v3,aisles,list_revision_history,backend/src/api/routes/v3/aisle_revisions.py,305,True,platform_admin|company_admin,jwt_client_id_optional,policy_or_none,n/a,none_or_query,False,read_only,none_declared,True,HIGH,HIGH,VERIFIED,POTENTIAL_BOLA,REGISTERED_NOT_USED,False,False
EP-0150,POST,/api/v3/inventories/{inventory_id}/aisles/{aisle_id}/revisions,v3,aisle_revisions,create_revision,backend/src/api/routes/v3/aisle_revisions.py,180,True,platform_admin|company_admin,jwt_client_id_optional,policy_or_none,n/a,json,False,mutates_state,none_declared,UNKNOWN,HIGH,HIGH,VERIFIED,POTENTIAL_BOLA,REGISTERED_NOT_USED,False,False
EP-0151,POST,/api/v3/inventories/{inventory_id}/aisles/{aisle_id}/revisions/{revision_id}/apply,v3,aisle_revisions,apply_revision,backend/src/api/routes/v3/aisle_revisions.py,242,True,platform_admin|company_admin,jwt_client_id_optional,policy_or_none,n/a,json,False,mutates_state,none_declared,UNKNOWN,HIGH,HIGH,VERIFIED,POTENTIAL_BOLA,REGISTERED_NOT_USED,False,False
EP-0152,POST,/api/v3/inventories/{inventory_id}/aisles/{aisle_id}/revisions/{revision_id}/cancel,v3,aisle_revisions,cancel_revision,backend/src/api/routes/v3/aisle_revisions.py,340,True,platform_admin|company_admin,jwt_client_id_optional,policy_or_none,n/a,json,False,mutates_state,none_declared,UNKNOWN,HIGH,HIGH,VERIFIED,POTENTIAL_BOLA,REGISTERED_NOT_USED,False,False
EP-0153,GET,/api/v3/inventories/{inventory_id}/aisles/{aisle_id}/revisions/{revision_id}/diff,v3,aisle_revisions,get_revision_diff,backend/src/api/routes/v3/aisle_revisions.py,270,True,platform_admin|company_admin,jwt_client_id_optional,policy_or_none,n/a,none_or_query,False,read_only,none_declared,True,HIGH,HIGH,VERIFIED,POTENTIAL_BOLA,REGISTERED_NOT_USED,False,False
EP-0154,PUT,/api/v3/inventories/{inventory_id}/aisles/{aisle_id}/revisions/{revision_id}/items/{asset_id},v3,aisle_revisions,update_revision_item,backend/src/api/routes/v3/aisle_revisions.py,208,True,platform_admin|company_admin,jwt_client_id_optional,policy_or_none,n/a,json,False,mutates_state,none_declared,UNKNOWN,HIGH,HIGH,VERIFIED,POTENTIAL_BOLA,REGISTERED_NOT_USED,False,False
EP-0155,POST,/api/v3/inventories/{inventory_id}/aisles/{aisle_id}/rollback,v3,aisles,rollback_aisle,backend/src/api/routes/v3/aisle_revisions.py,360,True,platform_admin|company_admin,jwt_client_id_optional,policy_or_none,n/a,json,False,mutates_state,none_declared,UNKNOWN,HIGH,HIGH,VERIFIED,POTENTIAL_BOLA,REGISTERED_NOT_USED,False,False
EP-0156,POST,/api/v3/inventories/{inventory_id}/aisles/{aisle_id}/server-reprocess,v3,aisles,post_server_reprocess,backend/src/api/routes/v3/server_reprocess.py,124,True,platform_admin|company_admin,jwt_client_id_optional,policy_or_none,n/a,json,False,mutates_state|starts_processing|may_consume_ai,none_declared,UNKNOWN,HIGH,HIGH,VERIFIED,POTENTIAL_BOLA,REGISTERED_NOT_USED,False,False
EP-0157,GET,/api/v3/inventories/{inventory_id}/aisles/{aisle_id}/server-reprocess-capabilities,v3,aisles,get_server_reprocess_capabilities,backend/src/api/routes/v3/server_reprocess.py,288,True,platform_admin|company_admin,jwt_client_id_optional,policy_or_none,n/a,none_or_query,False,starts_processing|may_consume_ai,none_declared,True,HIGH,HIGH,VERIFIED,POTENTIAL_BOLA,REGISTERED_NOT_USED,False,False
EP-0158,GET,/api/v3/inventories/{inventory_id}/aisles/{aisle_id}/server-reprocess/{run_id},v3,aisles,get_server_reprocess,backend/src/api/routes/v3/server_reprocess.py,175,True,platform_admin|company_admin,jwt_client_id_optional,policy_or_none,n/a,none_or_query,False,starts_processing|may_consume_ai,none_declared,True,HIGH,HIGH,VERIFIED,POTENTIAL_BOLA,REGISTERED_NOT_USED,False,False
EP-0159,POST,/api/v3/inventories/{inventory_id}/aisles/{aisle_id}/server-reprocess/{run_id}/adopt,v3,aisles,post_adopt_server_reprocess,backend/src/api/routes/v3/server_reprocess.py,353,True,platform_admin|company_admin,jwt_client_id_optional,policy_or_none,n/a,json,False,mutates_state|starts_processing|may_consume_ai,none_declared,UNKNOWN,HIGH,HIGH,VERIFIED,POTENTIAL_BOLA,REGISTERED_NOT_USED,False,False
EP-0160,POST,/api/v3/inventories/{inventory_id}/aisles/{aisle_id}/server-reprocess/{run_id}/cancel,v3,aisles,post_cancel_server_reprocess,backend/src/api/routes/v3/server_reprocess.py,328,True,platform_admin|company_admin,jwt_client_id_optional,policy_or_none,n/a,json,False,mutates_state|starts_processing|may_consume_ai,none_declared,UNKNOWN,HIGH,HIGH,VERIFIED,POTENTIAL_BOLA,REGISTERED_NOT_USED,False,False
EP-0161,POST,/api/v3/inventories/{inventory_id}/aisles/{aisle_id}/server-reprocess/{run_id}/execute,v3,aisles,post_execute_server_reprocess,backend/src/api/routes/v3/server_reprocess.py,242,True,platform_admin|company_admin,jwt_client_id_optional,policy_or_none,n/a,json,False,mutates_state|starts_processing|may_consume_ai,none_declared,UNKNOWN,HIGH,HIGH,VERIFIED,POTENTIAL_BOLA,REGISTERED_NOT_USED,False,False
EP-0162,GET,/api/v3/inventories/{inventory_id}/aisles/{aisle_id}/status,v3,aisles,get_aisle_status,backend/src/api/routes/v3/aisles.py,630,True,platform_admin|company_admin,jwt_client_id_optional,policy_or_none,n/a,none_or_query,False,read_only,none_declared,True,HIGH,HIGH,VERIFIED,POTENTIAL_BOLA,REGISTERED_AND_USED,False,True
EP-0163,GET,/api/v3/inventories/{inventory_id}/capture-sessions,v3,inventories,list_capture_sessions,backend/src/api/routes/v3/capture_sessions.py,273,True,platform_admin|company_admin,jwt_client_id_optional,policy_or_none,n/a,none_or_query,False,read_only,none_declared,True,HIGH,HIGH,VERIFIED,POTENTIAL_BOLA,REGISTERED_AND_USED,False,False
EP-0164,POST,/api/v3/inventories/{inventory_id}/capture-sessions,v3,inventories,create_inventory_capture_session,backend/src/api/routes/v3/capture_sessions.py,160,True,platform_admin|company_admin,jwt_client_id_optional,policy_or_none,n/a,json,False,mutates_state,none_declared,UNKNOWN,HIGH,HIGH,VERIFIED,POTENTIAL_BOLA,REGISTERED_AND_USED,False,False
EP-0165,GET,/api/v3/inventories/{inventory_id}/capture-sessions/{session_id},v3,inventories,get_capture_session_detail,backend/src/api/routes/v3/capture_sessions.py,390,True,platform_admin|company_admin,jwt_client_id_optional,policy_or_none,n/a,none_or_query,False,read_only,none_declared,True,HIGH,HIGH,VERIFIED,POTENTIAL_BOLA,REGISTERED_AND_USED,False,False
EP-0166,POST,/api/v3/inventories/{inventory_id}/capture-sessions/{session_id}/cancel,v3,inventories,cancel_capture_session_inventory_scope,backend/src/api/routes/v3/capture_sessions.py,234,True,platform_admin|company_admin,jwt_client_id_optional,policy_or_none,n/a,json,False,mutates_state,none_declared,UNKNOWN,HIGH,HIGH,VERIFIED,POTENTIAL_BOLA,REGISTERED_AND_USED,False,False
EP-0167,POST,/api/v3/inventories/{inventory_id}/capture-sessions/{session_id}/close,v3,inventories,close_capture_session_inventory_scope,backend/src/api/routes/v3/capture_sessions.py,195,True,platform_admin|company_admin,jwt_client_id_optional,policy_or_none,n/a,json,False,mutates_state,none_declared,UNKNOWN,HIGH,HIGH,VERIFIED,POTENTIAL_BOLA,REGISTERED_AND_USED,False,False
EP-0168,POST,/api/v3/inventories/{inventory_id}/capture-sessions/{session_id}/compute-groups,v3,inventories,compute_capture_session_groups_inventory_scope,backend/src/api/routes/v3/capture_sessions.py,407,True,platform_admin|company_admin,jwt_client_id_optional,policy_or_none,n/a,json,False,mutates_state,none_declared,UNKNOWN,HIGH,HIGH,VERIFIED,POTENTIAL_BOLA,REGISTERED_AND_USED,False,False
EP-0169,GET,/api/v3/inventories/{inventory_id}/capture-sessions/{session_id}/groups,v3,inventories,list_capture_session_groups_inventory_scope,backend/src/api/routes/v3/capture_sessions.py,427,True,platform_admin|company_admin,jwt_client_id_optional,policy_or_none,n/a,none_or_query,False,read_only,none_declared,True,HIGH,HIGH,VERIFIED,POTENTIAL_BOLA,REGISTERED_AND_USED,False,False
EP-0170,POST,/api/v3/inventories/{inventory_id}/capture-sessions/{session_id}/groups/materialize,v3,inventories,post_materialize_all_assigned_capture_session_groups,backend/src/api/routes/v3/capture_sessions.py,499,True,platform_admin|company_admin,jwt_client_id_optional,policy_or_none,n/a,json,False,mutates_state,none_declared,UNKNOWN,HIGH,HIGH,VERIFIED,POTENTIAL_BOLA,REGISTERED_NOT_USED,False,False
EP-0171,POST,/api/v3/inventories/{inventory_id}/capture-sessions/{session_id}/groups/{group_id}/assign-existing,v3,inventories,assign_capture_session_group_to_existing_aisle_inventory_scope,backend/src/api/routes/v3/capture_sessions.py,444,True,platform_admin|company_admin,jwt_client_id_optional,policy_or_none,n/a,json,False,mutates_state,none_declared,UNKNOWN,HIGH,HIGH,VERIFIED,POTENTIAL_BOLA,REGISTERED_AND_USED,False,False
EP-0172,POST,/api/v3/inventories/{inventory_id}/capture-sessions/{session_id}/groups/{group_id}/create-aisle,v3,inventories,create_aisle_and_assign_capture_session_group_inventory_scope,backend/src/api/routes/v3/capture_sessions.py,471,True,platform_admin|company_admin,jwt_client_id_optional,policy_or_none,n/a,json,False,mutates_state,none_declared,UNKNOWN,HIGH,HIGH,VERIFIED,POTENTIAL_BOLA,REGISTERED_AND_USED,False,False
EP-0173,POST,/api/v3/inventories/{inventory_id}/capture-sessions/{session_id}/groups/{group_id}/materialize,v3,inventories,post_materialize_capture_session_group,backend/src/api/routes/v3/capture_sessions.py,526,True,platform_admin|company_admin,jwt_client_id_optional,policy_or_none,n/a,json,False,mutates_state,none_declared,UNKNOWN,HIGH,HIGH,VERIFIED,POTENTIAL_BOLA,REGISTERED_NOT_USED,False,False
EP-0174,POST,/api/v3/inventories/{inventory_id}/capture-sessions/{session_id}/groups/{group_id}/preview,v3,inventories,post_materialized_capture_session_group_preview,backend/src/api/routes/v3/capture_sessions.py,556,True,platform_admin|company_admin,jwt_client_id_optional,policy_or_none,n/a,json,False,mutates_state|import_workflow,none_declared,UNKNOWN,HIGH,HIGH,VERIFIED,POTENTIAL_BOLA,REGISTERED_NOT_USED,False,False
EP-0175,POST,/api/v3/inventories/{inventory_id}/capture-sessions/{session_id}/items,v3,inventories,upload_capture_session_staging_items_inventory_scope,backend/src/api/routes/v3/capture_sessions.py,579,True,platform_admin|company_admin,jwt_client_id_optional,policy_or_none,n/a,json,False,mutates_state,none_declared,UNKNOWN,MEDIUM,MEDIUM,VERIFIED,CONTROL_VERIFIED,REGISTERED_AND_USED,False,False
EP-0176,POST,/api/v3/inventories/{inventory_id}/dinamic-scanner-txt-imports/confirm,v3,dinamic_scanner_txt,confirm_dinamic_scanner_txt_import,backend/src/api/routes/v3/dinamic_scanner_txt_imports.py,195,True,platform_admin|company_admin,jwt_client_id_optional,policy_or_none,n/a,multipart,True,mutates_state|imports_data|import_workflow,none_declared,UNKNOWN,HIGH,HIGH,VERIFIED,CONTROL_VERIFIED,REGISTERED_AND_USED,False,False
EP-0177,POST,/api/v3/inventories/{inventory_id}/dinamic-scanner-txt-imports/preview,v3,dinamic_scanner_txt,preview_dinamic_scanner_txt_import,backend/src/api/routes/v3/dinamic_scanner_txt_imports.py,162,True,platform_admin|company_admin,jwt_client_id_optional,policy_or_none,n/a,multipart,True,mutates_state|imports_data|import_workflow,none_declared,UNKNOWN,HIGH,HIGH,VERIFIED,CONTROL_VERIFIED,REGISTERED_AND_USED,False,False
EP-0178,GET,/api/v3/inventories/{inventory_id}/export,v3,inventory_exports,export_inventory_results,backend/src/api/routes/v3/inventories.py,380,True,platform_admin|company_admin,jwt_client_id_optional,policy_or_none,n/a,none_or_query,False,downloads_export,none_declared,True,CRITICAL,CRITICAL,VERIFIED,POTENTIAL_BOLA,REGISTERED_AND_USED,False,False
EP-0179,GET,/api/v3/inventories/{inventory_id}/export/package,v3,inventory_exports,export_inventory_package_zip,backend/src/api/routes/v3/inventories.py,299,True,platform_admin|company_admin,jwt_client_id_optional,policy_or_none,n/a,none_or_query,False,downloads_export,none_declared,True,CRITICAL,CRITICAL,VERIFIED,POTENTIAL_BOLA,REGISTERED_AND_USED,False,False
EP-0180,GET,/api/v3/inventories/{inventory_id}/export/summary,v3,inventory_exports,export_inventory_summary_csv,backend/src/api/routes/v3/inventories.py,269,True,platform_admin|company_admin,jwt_client_id_optional,policy_or_none,n/a,none_or_query,False,downloads_export,none_declared,True,CRITICAL,CRITICAL,VERIFIED,POTENTIAL_BOLA,REGISTERED_AND_USED,False,False
EP-0181,GET,/api/v3/inventories/{inventory_id}/jobs/{job_id}/position-assignments,v3,inventories,list_job_position_assignments,backend/src/api/routes/v3/position_reconciliation.py,84,True,platform_admin|company_admin,jwt_client_id_optional,policy_or_none,n/a,none_or_query,False,read_only,none_declared,True,HIGH,HIGH,VERIFIED,POTENTIAL_BOLA,REGISTERED_AND_USED,False,True
EP-0182,GET,/api/v3/inventories/{inventory_id}/jobs/{job_id}/position-detections,v3,inventories,list_job_position_detections,backend/src/api/routes/v3/position_label_detections.py,34,True,platform_admin|company_admin,jwt_client_id_optional,policy_or_none,n/a,none_or_query,False,read_only,none_declared,True,HIGH,HIGH,VERIFIED,POTENTIAL_BOLA,REGISTERED_AND_USED,False,True
EP-0183,GET,/api/v3/inventories/{inventory_id}/jobs/{job_id}/position-reconciliation,v3,inventories,get_job_position_reconciliation,backend/src/api/routes/v3/position_reconciliation.py,39,True,platform_admin|company_admin,jwt_client_id_optional,policy_or_none,n/a,none_or_query,False,read_only,none_declared,True,HIGH,HIGH,VERIFIED,POTENTIAL_BOLA,REGISTERED_NOT_USED,False,False
EP-0184,POST,/api/v3/inventories/{inventory_id}/jobs/{job_id}/position-reconciliation/retry,v3,inventories,retry_job_position_reconciliation,backend/src/api/routes/v3/position_reconciliation.py,126,True,platform_admin|company_admin,jwt_client_id_optional,policy_or_none,n/a,json,False,mutates_state|starts_processing|may_consume_ai,none_declared,UNKNOWN,HIGH,HIGH,VERIFIED,POTENTIAL_BOLA,REGISTERED_NOT_USED,False,False
EP-0185,GET,/api/v3/inventories/{inventory_id}/jobs/{job_id}/results/{result_id}/position-history,v3,inventories,get_position_history,backend/src/api/routes/v3/position_overrides.py,125,True,platform_admin|company_admin,jwt_client_id_optional,policy_or_none,n/a,none_or_query,False,read_only,none_declared,True,HIGH,HIGH,VERIFIED,POTENTIAL_BOLA,REGISTERED_NOT_USED,False,False
EP-0186,POST,/api/v3/inventories/{inventory_id}/jobs/{job_id}/results/{result_id}/position-override,v3,inventories,create_position_override,backend/src/api/routes/v3/position_overrides.py,47,True,platform_admin|company_admin,jwt_client_id_optional,policy_or_none,n/a,json,False,mutates_state|starts_processing|may_consume_ai,none_declared,UNKNOWN,HIGH,HIGH,VERIFIED,POTENTIAL_BOLA,REGISTERED_NOT_USED,False,False
EP-0187,POST,/api/v3/inventories/{inventory_id}/jobs/{job_id}/results/{result_id}/position-override/restore,v3,inventories,restore_automatic_position,backend/src/api/routes/v3/position_overrides.py,88,True,platform_admin|company_admin,jwt_client_id_optional,policy_or_none,n/a,json,False,mutates_state|starts_processing|may_consume_ai,none_declared,UNKNOWN,HIGH,HIGH,VERIFIED,POTENTIAL_BOLA,REGISTERED_NOT_USED,False,False
EP-0188,GET,/api/v3/inventories/{inventory_id}/jobs/{job_id}/source-assets/{asset_id}/position-detections,v3,inventories,list_asset_position_detections,backend/src/api/routes/v3/position_label_detections.py,64,True,platform_admin|company_admin,jwt_client_id_optional,policy_or_none,n/a,none_or_query,False,read_only,none_declared,True,HIGH,HIGH,VERIFIED,POTENTIAL_BOLA,REGISTERED_NOT_USED,False,False
EP-0189,GET,/api/v3/inventories/{inventory_id}/jobs/{job_id}/unassigned-results,v3,inventories,list_job_unassigned_results,backend/src/api/routes/v3/position_reconciliation.py,105,True,platform_admin|company_admin,jwt_client_id_optional,policy_or_none,n/a,none_or_query,False,read_only,none_declared,True,HIGH,HIGH,VERIFIED,POTENTIAL_BOLA,REGISTERED_NOT_USED,False,False
EP-0190,GET,/api/v3/inventories/{inventory_id}/labels/{label_id}/download,v3,inventories,download_aisle_location_label,backend/src/api/routes/v3/aisle_locations.py,448,True,platform_admin|company_admin,jwt_client_id_optional,policy_or_none,n/a,none_or_query,False,read_only,none_declared,True,LOW,LOW,VERIFIED,CONTROL_VERIFIED,REGISTERED_NOT_USED,False,False
EP-0191,GET,/api/v3/inventories/{inventory_id}/labels/{label_id}/preview,v3,inventories,preview_aisle_location_label,backend/src/api/routes/v3/aisle_locations.py,404,True,platform_admin|company_admin,jwt_client_id_optional,policy_or_none,n/a,none_or_query,False,read_only,none_declared,True,LOW,LOW,VERIFIED,CONTROL_VERIFIED,REGISTERED_NOT_USED,False,False
EP-0192,POST,/api/v3/inventories/{inventory_id}/labels/{label_id}/render,v3,inventories,render_aisle_location_label,backend/src/api/routes/v3/aisle_locations.py,369,True,platform_admin|company_admin,jwt_client_id_optional,policy_or_none,n/a,json,False,mutates_state,none_declared,UNKNOWN,MEDIUM,MEDIUM,VERIFIED,CONTROL_VERIFIED,REGISTERED_NOT_USED,False,False
EP-0193,POST,/api/v3/inventories/{inventory_id}/labels/{label_id}/replace,v3,inventories,replace_aisle_location_label,backend/src/api/routes/v3/aisle_locations.py,492,True,platform_admin|company_admin,jwt_client_id_optional,policy_or_none,n/a,json,False,mutates_state,none_declared,UNKNOWN,MEDIUM,MEDIUM,VERIFIED,CONTROL_VERIFIED,REGISTERED_NOT_USED,False,False
EP-0194,POST,/api/v3/inventories/{inventory_id}/local-csv-imports/confirm,v3,local_csv_imports,confirm_local_csv_import,backend/src/api/routes/v3/local_csv_imports.py,165,True,platform_admin|company_admin,jwt_client_id_optional,policy_or_none,n/a,multipart,True,mutates_state|imports_data|import_workflow,none_declared,UNKNOWN,HIGH,HIGH,VERIFIED,CONTROL_VERIFIED,REGISTERED_NOT_USED,False,False
EP-0195,POST,/api/v3/inventories/{inventory_id}/local-csv-imports/preview,v3,local_csv_imports,preview_local_csv_import,backend/src/api/routes/v3/local_csv_imports.py,133,True,platform_admin|company_admin,jwt_client_id_optional,policy_or_none,n/a,multipart,True,mutates_state|imports_data|import_workflow,none_declared,UNKNOWN,HIGH,HIGH,VERIFIED,CONTROL_VERIFIED,REGISTERED_AND_USED,False,False
EP-0196,GET,/api/v3/inventories/{inventory_id}/local-csv-imports/{import_id},v3,local_csv_imports,get_local_csv_import,backend/src/api/routes/v3/local_csv_imports.py,188,True,platform_admin|company_admin,jwt_client_id_optional,policy_or_none,n/a,none_or_query,False,read_only,none_declared,True,LOW,LOW,VERIFIED,CONTROL_VERIFIED,REGISTERED_AND_USED,False,False
EP-0197,POST,/api/v3/inventories/{inventory_id}/local-inventory-packages/confirm,v3,local_inventory_packages,confirm_local_inventory_package,backend/src/api/routes/v3/local_inventory_packages.py,215,True,platform_admin|company_admin,jwt_client_id_optional,policy_or_none,n/a,multipart,True,mutates_state|imports_data|import_workflow,none_declared,UNKNOWN,HIGH,HIGH,VERIFIED,CONTROL_VERIFIED,REGISTERED_NOT_USED,False,False
EP-0198,POST,/api/v3/inventories/{inventory_id}/local-inventory-packages/preview,v3,local_inventory_packages,preview_local_inventory_package,backend/src/api/routes/v3/local_inventory_packages.py,183,True,platform_admin|company_admin,jwt_client_id_optional,policy_or_none,n/a,multipart,True,mutates_state|imports_data|import_workflow,none_declared,UNKNOWN,HIGH,HIGH,VERIFIED,CONTROL_VERIFIED,REGISTERED_AND_USED,False,False
EP-0199,GET,/api/v3/inventories/{inventory_id}/local-inventory-packages/{package_id},v3,local_inventory_packages,get_local_inventory_package,backend/src/api/routes/v3/local_inventory_packages.py,240,True,platform_admin|company_admin,jwt_client_id_optional,policy_or_none,n/a,none_or_query,False,read_only,none_declared,True,LOW,LOW,VERIFIED,CONTROL_VERIFIED,REGISTERED_AND_USED,False,False
EP-0200,GET,/api/v3/inventories/{inventory_id}/locations/{location_id}/labels,v3,inventories,list_aisle_location_labels,backend/src/api/routes/v3/aisle_locations.py,261,True,platform_admin|company_admin,jwt_client_id_optional,policy_or_none,n/a,none_or_query,False,read_only,none_declared,True,LOW,LOW,VERIFIED,CONTROL_VERIFIED,REGISTERED_NOT_USED,False,False
EP-0201,POST,/api/v3/inventories/{inventory_id}/locations/{location_id}/labels,v3,inventories,issue_aisle_location_label,backend/src/api/routes/v3/aisle_locations.py,228,True,platform_admin|company_admin,jwt_client_id_optional,policy_or_none,n/a,json,False,mutates_state,none_declared,UNKNOWN,MEDIUM,MEDIUM,VERIFIED,CONTROL_VERIFIED,REGISTERED_NOT_USED,False,False
EP-0202,GET,/api/v3/inventories/{inventory_id}/locations/{location_id}/labels/{label_id},v3,inventories,get_aisle_location_label,backend/src/api/routes/v3/aisle_locations.py,335,True,platform_admin|company_admin,jwt_client_id_optional,policy_or_none,n/a,none_or_query,False,read_only,none_declared,True,LOW,LOW,VERIFIED,CONTROL_VERIFIED,REGISTERED_NOT_USED,False,False
EP-0203,POST,/api/v3/inventories/{inventory_id}/locations/{location_id}/labels/{label_id}/invalidate,v3,inventories,invalidate_aisle_location_label,backend/src/api/routes/v3/aisle_locations.py,293,True,platform_admin|company_admin,jwt_client_id_optional,policy_or_none,n/a,json,False,mutates_state,none_declared,UNKNOWN,MEDIUM,MEDIUM,VERIFIED,CONTROL_VERIFIED,REGISTERED_NOT_USED,False,False
EP-0204,GET,/api/v3/inventories/{inventory_id}/metrics,v3,inventories,get_inventory_metrics,backend/src/api/routes/v3/inventories.py,426,True,platform_admin|company_admin,jwt_client_id_optional,policy_or_none,n/a,none_or_query,False,read_only,none_declared,True,CRITICAL,CRITICAL,VERIFIED,POTENTIAL_BOLA,REGISTERED_AND_USED,False,False
EP-0205,GET,/api/v3/inventories/{inventory_id}/recognition-config,v3,inventories,get_inventory_recognition_config,backend/src/api/routes/v3/inventories.py,317,True,platform_admin|company_admin,jwt_client_id_optional,policy_or_none,n/a,none_or_query,False,read_only,none_declared,True,LOW,LOW,VERIFIED,CONTROL_VERIFIED,REGISTERED_AND_USED,False,True
EP-0206,GET,/api/v3/observability/metrics,v3,observability,get_observability_metrics,backend/src/api/routes/v3/observability.py,30,True,platform_admin|company_admin,jwt_client_id_optional,policy_or_none,n/a,none_or_query,False,read_only,none_declared,True,LOW,LOW,VERIFIED,AUTHORIZATION_UNKNOWN,REGISTERED_AND_USED,True,False
EP-0207,GET,/api/v3/review-queue/positions,v3,review_queue,list_review_queue_positions,backend/src/api/routes/v3/review_queue.py,137,True,platform_admin|company_admin,jwt_client_id_optional,policy_or_none,n/a,none_or_query,False,read_only,none_declared,True,LOW,LOW,VERIFIED,AUTHORIZATION_UNKNOWN,REGISTERED_AND_USED,True,False
EP-0208,POST,/auth/login,auth,auth,login,backend/src/auth/routes.py,32,False,,n/a,policy_or_none,n/a,json,False,mutates_state,none_declared,UNKNOWN,CRITICAL,CRITICAL,VERIFIED,NOT_APPLICABLE,REGISTERED_AND_USED,True,True
EP-0209,POST,/auth/logout,auth,auth,logout,backend/src/auth/routes.py,97,True,platform_admin|company_admin,n/a,policy_or_none,n/a,json,False,mutates_state,none_declared,UNKNOWN,HIGH,HIGH,VERIFIED,NOT_APPLICABLE,REGISTERED_AND_USED,True,True
EP-0210,GET,/auth/me,auth,auth,get_me,backend/src/auth/routes.py,59,True,platform_admin|company_admin,n/a,policy_or_none,n/a,none_or_query,False,read_only,none_declared,True,HIGH,HIGH,VERIFIED,NOT_APPLICABLE,REGISTERED_AND_USED,True,True
EP-0211,POST,/auth/refresh,auth,auth,refresh_tokens,backend/src/auth/routes.py,73,True,platform_admin|company_admin,n/a,policy_or_none,n/a,json,False,mutates_state,none_declared,UNKNOWN,HIGH,HIGH,VERIFIED,NOT_APPLICABLE,REGISTERED_AND_USED,False,True
EP-0212,GET,/docs,openapi,docs,swagger_ui_html,fastapi/applications.py,,False,,n/a,n/a,n/a,none_or_query,False,read_only|information_disclosure_surface,none_declared,True,MEDIUM,MEDIUM,VERIFIED,NOT_APPLICABLE,REGISTERED_NOT_USED,False,False
EP-0213,HEAD,/docs,openapi,docs,swagger_ui_html,fastapi/applications.py,,False,,n/a,n/a,n/a,none_or_query,False,read_only|information_disclosure_surface,none_declared,True,MEDIUM,INFORMATIONAL,VERIFIED,NOT_APPLICABLE,REGISTERED_NOT_USED,False,False
EP-0214,GET,/docs/oauth2-redirect,openapi,docs,swagger_ui_redirect,fastapi/applications.py,,False,,n/a,n/a,n/a,none_or_query,False,read_only|information_disclosure_surface,none_declared,True,MEDIUM,MEDIUM,VERIFIED,NOT_APPLICABLE,REGISTERED_NOT_USED,False,False
EP-0215,HEAD,/docs/oauth2-redirect,openapi,docs,swagger_ui_redirect,fastapi/applications.py,,False,,n/a,n/a,n/a,none_or_query,False,read_only|information_disclosure_surface,none_declared,True,MEDIUM,INFORMATIONAL,VERIFIED,NOT_APPLICABLE,REGISTERED_NOT_USED,False,False
EP-0216,GET,/health,root,ops,health,backend/src/api/server.py,258,False,,n/a,policy_or_none,n/a,none_or_query,False,read_only,none_declared,True,INFORMATIONAL,INFORMATIONAL,VERIFIED,NOT_APPLICABLE,REGISTERED_AND_USED,False,True
EP-0217,GET,/metrics,root,ops,metrics,backend/src/api/server.py,240,False,,n/a,policy_or_none,n/a,none_or_query,False,read_only,none_declared,True,HIGH,HIGH,VERIFIED,NOT_APPLICABLE,REGISTERED_AND_USED,True,True
EP-0218,GET,/openapi.json,openapi,docs,openapi,fastapi/applications.py,,False,,n/a,n/a,n/a,none_or_query,False,read_only|information_disclosure_surface,none_declared,True,MEDIUM,MEDIUM,VERIFIED,NOT_APPLICABLE,REGISTERED_NOT_USED,False,False
EP-0219,HEAD,/openapi.json,openapi,docs,openapi,fastapi/applications.py,,False,,n/a,n/a,n/a,none_or_query,False,read_only|information_disclosure_surface,none_declared,True,MEDIUM,INFORMATIONAL,VERIFIED,NOT_APPLICABLE,REGISTERED_NOT_USED,False,False
EP-0220,GET,/ready,root,ops,ready,backend/src/api/server.py,292,False,,n/a,policy_or_none,n/a,none_or_query,False,read_only,none_declared,True,INFORMATIONAL,INFORMATIONAL,VERIFIED,NOT_APPLICABLE,REGISTERED_AND_USED,False,False
EP-0221,GET,/redoc,openapi,docs,redoc_html,fastapi/applications.py,,False,,n/a,n/a,n/a,none_or_query,False,read_only|information_disclosure_surface,none_declared,True,MEDIUM,MEDIUM,VERIFIED,NOT_APPLICABLE,REGISTERED_NOT_USED,False,False
EP-0222,HEAD,/redoc,openapi,docs,redoc_html,fastapi/applications.py,,False,,n/a,n/a,n/a,none_or_query,False,read_only|information_disclosure_surface,none_declared,True,MEDIUM,INFORMATIONAL,VERIFIED,NOT_APPLICABLE,REGISTERED_NOT_USED,False,False
